product_id,rating,text,date
SP0036,4.0,Camera quality is outstanding. Battery lasts all day. Screen is beautiful.,2024-12-18
SP1859,4.5,Great build quality.,2025-02-02
TV0575,4.0,Great smart features.,2024-11-15
LP0440,5.0,Battery life is excellent.,2024-10-17
LP1442,3.5,Battery life is excellent.,2024-09-28
TV0172,4.5,Smart interface works smoothly. Amazing value for money.,2024-10-26
LP1048,4.5,Battery life is excellent. Runs all my applications smoothly.,2024-11-06
TV1951,4.5,Smart interface works smoothly. Sound quality is excellent. Picture quality is amazing.,2024-11-22
SP1705,3.5,Battery lasts all day. Face recognition works perfectly.,2024-09-11
SP1506,4.0,Fast charging is great. Screen is beautiful.,2024-12-09
SPK0374,4.5,Build quality is solid. Portable and lightweight. Great bass response.,2024-09-30
LP0673,3.5,Battery life is excellent. Stays cool under heavy load.,2024-11-20
LP1168,4.5,Display is crystal clear. Battery life is excellent. Runs all my applications smoothly.,2024-11-05
LP0270,3.0,Screen has backlight bleeding. Trackpad is unresponsive. Runs hot under load.,2024-10-12
TV0151,4.5,Amazing value for money. Perfect for my living room.,2025-02-22
TV0989,4.0,Sound quality is excellent.,2024-09-15
SPK1183,4.0,Sound quality is amazing.,2024-12-31
LP1566,3.0,Too heavy to carry around.,2024-10-13
LP0375,3.5,Runs all my applications smoothly. Display is crystal clear.,2024-11-27
TV0340,4.0,The colors are vibrant.,2024-11-26
SPK1526,3.5,Build quality is solid.,2025-02-20
LP1860,4.5,Great performance for the price.,2024-11-28
TV0093,4.5,Easy to set up. The colors are vibrant.,2025-02-16
SPK0811,3.0,Bluetooth connection drops.,2024-10-14
TV1187,3.0,Customer support is terrible. Screen developed dead pixels. Sound quality is disappointing.,2024-10-30
LP1483,3.5,Build quality is excellent. Runs all my applications smoothly.,2024-09-28
LP0206,4.0,Runs all my applications smoothly. Perfect for work and gaming. Display is crystal clear.,2025-02-10
SPK0335,4.0,Great bass response. Clear audio at high volumes. Portable and lightweight.,2024-10-08
TV1348,3.5,The colors are vibrant. Easy to set up. Sound quality is excellent.,2024-11-03
LP1704,4.5,Keyboard feels premium.,2025-01-27
TV0863,4.0,Picture quality is amazing.,2024-10-15
SP1237,4.0,Battery lasts all day. Amazing value for money.,2025-02-06
TV0820,3.5,Great smart features. Smart interface works smoothly.,2024-10-19
SP0709,4.5,Performance is snappy. Screen is beautiful. Camera quality is outstanding.,2024-09-03
SPK1242,4.5,Great bass response. Sound quality is amazing.,2024-09-05
LP0650,5.0,Display is crystal clear. Stays cool under heavy load. Build quality is excellent.,2024-11-06
LP0170,4.5,Build quality is excellent. Stays cool under heavy load. Runs all my applications smoothly.,2024-11-13
SP1857,4.0,Battery lasts all day. Fast charging is great. Screen is beautiful.,2024-09-06
TV1511,4.5,Great smart features. Easy to set up.,2024-12-13
LP1129,4.5,Great performance for the price. Battery life is excellent.,2024-08-30
SP0897,4.5,Screen is beautiful. Battery lasts all day.,2024-10-02
SP1328,3.5,Screen is beautiful. Face recognition works perfectly.,2024-10-11
TV0402,3.5,Easy to set up. The colors are vibrant.,2024-09-26
LP1866,4.0,Perfect for work and gaming. Great performance for the price.,2024-11-22
LP1305,3.5,Battery life is excellent.,2024-12-11
SPK1447,3.5,Sound quality is amazing. Perfect for parties. Portable and lightweight.,2025-01-26
SP1690,3.5,Amazing value for money. Great build quality.,2024-12-26
SPK0404,4.5,Build quality is solid. Perfect for parties. Clear audio at high volumes.,2025-01-20
SPK1508,5.0,Clear audio at high volumes. Portable and lightweight.,2025-01-02
SP0704,4.5,Fast charging is great. Amazing value for money.,2024-12-28
TV1797,4.0,Smart interface works smoothly.,2024-10-28
SP0691,3.5,Great build quality.,2024-08-28
TV0267,5.0,The colors are vibrant.,2025-01-11
SPK1639,4.0,Sound quality is amazing.,2024-10-15
SPK0827,4.0,Great bass response.,2025-02-06
TV1634,4.0,Great smart features. Sound quality is excellent. Picture quality is amazing.,2024-10-04
LP1567,4.5,Keyboard feels premium.,2025-01-02
SP1468,3.5,Amazing value for money. Face recognition works perfectly.,2025-02-12
TV0063,4.0,Sound quality is excellent.,2025-01-12
LP1763,4.5,Build quality is excellent. Great performance for the price. Battery life is excellent.,2025-02-08
SPK0171,3.5,Great bass response.,2024-08-27
LP1545,4.0,Stays cool under heavy load. Battery life is excellent.,2025-01-05
LP0498,3.5,Build quality is excellent. Perfect for work and gaming. Display is crystal clear.,2024-09-17
SPK0115,4.0,Easy to pair with devices. Battery life is excellent.,2025-02-08
SP1708,4.5,Great build quality.,2024-12-30
TV1874,4.0,Amazing value for money. Great smart features.,2025-02-04
TV0400,4.0,Smart interface works smoothly. Picture quality is amazing.,2024-11-01
SPK0857,4.0,Easy to pair with devices. Great bass response. Portable and lightweight.,2025-02-02
LP1865,3.5,Great performance for the price.,2024-12-02
SPK0765,4.0,Portable and lightweight. Great bass response.,2024-12-21
SPK0608,4.0,Easy to pair with devices.,2024-08-26
TV1118,4.5,Perfect for my living room. Smart interface works smoothly. Sound quality is excellent.,2024-09-20
LP1005,3.5,Keyboard feels premium. Great performance for the price.,2024-10-17
LP1563,3.5,Keyboard feels premium. Stays cool under heavy load.,2025-02-19
LP1782,5.0,Perfect for work and gaming.,2024-09-13
TV1458,3.0,Customer support is terrible.,2024-08-30
SP1010,3.0,Poor signal reception. Camera quality is poor.,2024-10-13
LP0426,4.0,Runs all my applications smoothly. Stays cool under heavy load.,2024-09-12
SP0209,4.0,Fast charging is great. Screen is beautiful. Amazing value for money.,2025-02-11
SP0311,4.5,Camera quality is outstanding.,2024-09-15
SP0252,3.0,Camera quality is poor.,2024-09-07
SP1417,3.5,Battery lasts all day. Fast charging is great.,2024-10-14
SP1233,5.0,Amazing value for money.,2024-12-03
TV0928,4.0,Easy to set up.,2024-10-22
LP1666,3.0,Too heavy to carry around. Slow boot times. Fan is very noisy.,2024-08-27
SP1727,3.0,Software is buggy. Keeps freezing randomly. Poor signal reception.,2024-09-18
SP0236,3.5,Face recognition works perfectly. Fast charging is great.,2025-02-21
SPK0105,3.5,Perfect for parties.,2025-01-24
SPK0701,4.5,Easy to pair with devices.,2024-10-09
SP1987,4.5,Screen is beautiful. Great build quality.,2024-12-25
SP0723,3.0,Overheats while charging.,2024-10-28
TV1235,4.0,Smart interface works smoothly.,2025-01-15
SPK0489,4.5,Perfect for parties. Portable and lightweight.,2025-01-17
TV1564,3.5,Picture quality is amazing. Smart interface works smoothly. Easy to set up.,2024-12-20
TV1814,5.0,Amazing value for money.,2024-10-21
SP1451,4.5,Performance is snappy. Screen is beautiful. Face recognition works perfectly.,2024-12-01
LP1308,4.5,Stays cool under heavy load.,2024-12-03
SP1885,4.0,Battery lasts all day.,2025-02-12
TV0354,5.0,Perfect for my living room.,2024-11-17
SPK1757,3.0,Bluetooth connection drops. Charging port stopped working. Not loud enough.,2024-09-13
SP1026,4.5,Screen is beautiful. Face recognition works perfectly. Amazing value for money.,2024-11-04
TV0757,3.5,Great smart features. Sound quality is excellent.,2025-02-14
SP0367,4.0,Amazing value for money.,2024-12-03
TV1906,3.5,The colors are vibrant. Great smart features. Easy to set up.,2025-02-01
SP1980,4.5,Screen is beautiful. Battery lasts all day.,2025-02-07
SP1872,4.5,Amazing value for money. Face recognition works perfectly. Performance is snappy.,2024-10-22
SP1664,3.5,Fast charging is great.,2024-10-07
SPK1876,5.0,Portable and lightweight. Easy to pair with devices. Sound quality is amazing.,2024-10-13
TV1306,5.0,Perfect for my living room.,2024-10-23
TV1130,3.0,Poor viewing angles.,2024-12-19
LP0439,3.5,Keyboard feels premium. Runs all my applications smoothly.,2024-12-23
TV0301,3.5,Easy to set up. Great smart features. Picture quality is amazing.,2024-10-28
SP0803,5.0,Amazing value for money. Fast charging is great.,2024-10-13
LP1903,4.0,Runs all my applications smoothly. Great performance for the price.,2025-01-11
LP1245,3.0,Trackpad is unresponsive. Battery dies quickly. Fan is very noisy.,2025-02-20
LP1106,4.0,Stays cool under heavy load. Runs all my applications smoothly. Build quality is excellent.,2025-01-21
SPK1976,5.0,Portable and lightweight.,2024-12-01
LP0472,4.0,Stays cool under heavy load. Display is crystal clear. Keyboard feels premium.,2024-09-17
TV0656,4.5,Picture quality is amazing. Great smart features. The colors are vibrant.,2025-02-22
SP0342,4.5,Great build quality.,2024-11-09
SP0767,4.0,Battery lasts all day. Face recognition works perfectly.,2025-02-16
SPK1094,4.0,Perfect for parties. Build quality is solid.,2024-08-30
SPK1596,4.0,Easy to pair with devices. Great bass response.,2024-10-14
SP1377,5.0,Camera quality is outstanding. Amazing value for money.,2025-01-18
SP0805,3.0,Overheats while charging.,2024-12-22
LP1901,4.0,Perfect for work and gaming. Battery life is excellent. Runs all my applications smoothly.,2024-11-27
SP0693,4.0,Amazing value for money. Face recognition works perfectly.,2024-12-26
SPK1922,4.0,Battery life is excellent.,2025-02-11
SP1291,4.0,Battery lasts all day.,2025-01-16
TV1936,5.0,Smart interface works smoothly. Amazing value for money.,2024-09-23
TV0423,3.5,Perfect for my living room. Picture quality is amazing. The colors are vibrant.,2025-02-14
TV0213,4.0,Perfect for my living room. The colors are vibrant.,2024-08-31
TV0586,3.5,Great smart features. Perfect for my living room.,2024-12-16
LP0649,4.0,Display is crystal clear.,2025-02-10
TV0647,4.0,Smart interface works smoothly. Easy to set up.,2024-08-26
SP1226,4.0,Battery lasts all day. Amazing value for money. Performance is snappy.,2024-09-30
LP1842,4.0,Display is crystal clear. Runs all my applications smoothly.,2024-12-11
TV0680,4.0,Great smart features. Amazing value for money.,2024-10-03
SPK1574,3.5,Great bass response. Perfect for parties. Sound quality is amazing.,2025-01-09
SPK0612,4.5,Perfect for parties. Great bass response.,2024-09-05
LP1372,4.5,Build quality is excellent. Great performance for the price.,2024-08-26
SP0088,5.0,Great build quality. Fast charging is great. Face recognition works perfectly.,2024-12-20
SPK1610,4.5,Easy to pair with devices.,2024-12-07
LP1163,5.0,Keyboard feels premium. Battery life is excellent.,2024-09-27
LP1665,4.5,Perfect for work and gaming. Great performance for the price. Display is crystal clear.,2024-10-06
LP0302,4.0,Display is crystal clear.,2025-02-07
SP0237,4.0,Screen is beautiful. Performance is snappy. Amazing value for money.,2025-01-23
LP1792,4.5,Display is crystal clear. Keyboard feels premium. Perfect for work and gaming.,2024-11-10
LP1496,3.0,Too heavy to carry around. Battery dies quickly. Runs hot under load.,2024-11-12
TV1407,4.5,Amazing value for money. The colors are vibrant.,2024-09-28
LP0474,4.0,Great performance for the price.,2024-10-28
SPK0611,3.0,Charging port stopped working.,2025-02-21
SP0822,4.0,Great build quality.,2024-10-16
LP0603,4.0,Display is crystal clear. Build quality is excellent.,2025-02-20
LP0580,3.5,Great performance for the price. Stays cool under heavy load.,2024-09-06
SP0948,3.5,Screen is beautiful. Camera quality is outstanding. Amazing value for money.,2025-01-03
SP0401,3.5,Screen is beautiful.,2024-12-18
SPK1085,4.0,Sound quality is amazing.,2024-12-26
LP1330,2.5,Trackpad is unresponsive.,2024-10-15
TV0348,4.0,Smart interface works smoothly. Amazing value for money. Easy to set up.,2024-09-01
SP1510,4.5,Camera quality is outstanding. Battery lasts all day. Performance is snappy.,2024-11-07
LP1672,3.5,Stays cool under heavy load. Build quality is excellent.,2024-10-08
SP0967,4.5,Fast charging is great. Face recognition works perfectly. Camera quality is outstanding.,2024-10-06
SPK0636,4.5,Sound quality is amazing. Portable and lightweight.,2024-10-07
SP1987,5.0,Screen is beautiful. Camera quality is outstanding. Face recognition works perfectly.,2024-09-08
SPK1115,4.5,Portable and lightweight. Battery life is excellent.,2024-10-29
TV0644,3.5,Picture quality is amazing.,2024-10-07
SP1575,4.0,Camera quality is outstanding. Amazing value for money.,2024-12-31
LP1566,3.5,Keyboard feels premium. Battery life is excellent. Build quality is excellent.,2024-12-27
SPK0071,4.5,Sound quality is amazing. Clear audio at high volumes. Battery life is excellent.,2024-12-19
LP1629,4.0,Stays cool under heavy load.,2024-12-02
SPK0782,4.5,Perfect for parties. Battery life is excellent. Clear audio at high volumes.,2024-11-02
LP0649,3.5,Battery life is excellent. Keyboard feels premium. Build quality is excellent.,2024-09-20
TV0428,3.5,Easy to set up.,2024-09-13
SP1575,3.5,Battery lasts all day.,2024-12-01
LP0615,4.0,Perfect for work and gaming.,2024-09-13
SPK1601,4.0,Portable and lightweight. Sound quality is amazing. Clear audio at high volumes.,2024-09-07
SPK1467,4.5,Great bass response. Easy to pair with devices. Perfect for parties.,2025-01-10
LP0997,4.5,Battery life is excellent. Runs all my applications smoothly.,2024-10-01
LP1481,3.5,Build quality is excellent. Stays cool under heavy load.,2024-08-30
SP0888,3.0,Overheats while charging. Poor signal reception. Camera quality is poor.,2024-11-22
SPK1533,4.0,Portable and lightweight.,2024-11-28
LP1401,4.0,Keyboard feels premium.,2024-12-20
TV1202,5.0,The colors are vibrant.,2024-12-06
SP0986,4.5,Performance is snappy. Screen is beautiful. Face recognition works perfectly.,2024-12-16
TV1256,4.5,Great smart features.,2024-09-28
LP1810,4.5,Runs all my applications smoothly. Perfect for work and gaming. Battery life is excellent.,2024-10-17
SP0228,3.5,Battery lasts all day. Performance is snappy. Screen is beautiful.,2025-01-13
TV0797,4.0,Sound quality is excellent.,2024-12-07
SP0880,4.5,Great build quality. Fast charging is great. Amazing value for money.,2025-02-12
LP0504,5.0,Display is crystal clear. Great performance for the price.,2025-02-17
SP0036,3.5,Great build quality.,2025-01-16
SP1290,4.0,Battery lasts all day. Performance is snappy.,2025-01-31
SP0542,5.0,Screen is beautiful.,2025-01-08
TV0428,4.5,Easy to set up. Amazing value for money. Picture quality is amazing.,2024-11-15
SPK1164,4.5,Clear audio at high volumes. Great bass response. Portable and lightweight.,2024-12-11
SP1295,3.0,Keeps freezing randomly. Touch screen issues.,2025-02-15
SP1400,3.5,Fast charging is great.,2024-10-17
TV0573,5.0,Perfect for my living room.,2024-11-28
LP0498,5.0,Battery life is excellent. Stays cool under heavy load. Runs all my applications smoothly.,2024-10-28
SPK1133,4.5,Build quality is solid. Clear audio at high volumes. Portable and lightweight.,2024-09-05
SPK1276,4.5,Sound quality is amazing. Perfect for parties.,2025-02-08
SP0670,5.0,Fast charging is great. Great build quality. Face recognition works perfectly.,2025-01-27
SPK0226,3.5,Clear audio at high volumes. Easy to pair with devices. Battery life is excellent.,2024-12-21
TV1609,3.5,Sound quality is excellent. Perfect for my living room.,2024-12-17
SPK1697,4.5,Portable and lightweight. Easy to pair with devices.,2024-11-13
SPK1079,5.0,Battery life is excellent.,2024-09-11
TV1655,4.5,Picture quality is amazing. Smart interface works smoothly. Great smart features.,2024-10-11
LP0273,3.5,Great performance for the price. Stays cool under heavy load. Runs all my applications smoothly.,2024-10-20
TV0757,3.0,Started flickering after few months. Customer support is terrible. Sound quality is disappointing.,2024-08-31
TV0786,4.0,Easy to set up. Perfect for my living room. Amazing value for money.,2024-10-17
SPK1297,4.5,Sound quality is amazing. Battery life is excellent. Build quality is solid.,2024-09-09
TV0681,5.0,The colors are vibrant. Picture quality is amazing.,2024-09-13
SPK1359,3.5,Battery life is excellent.,2024-12-06
TV0422,4.5,Picture quality is amazing. Smart interface works smoothly.,2024-11-22
SP1488,3.5,Great build quality. Amazing value for money. Screen is beautiful.,2024-12-22
TV0680,3.5,Easy to set up. Amazing value for money.,2024-09-05
LP1925,3.5,Stays cool under heavy load. Runs all my applications smoothly. Display is crystal clear.,2025-01-04
SP1452,4.0,Camera quality is outstanding.,2024-09-15
LP0412,3.0,Battery dies quickly. Keyboard started malfunctioning.,2024-09-17
LP1262,4.0,Build quality is excellent. Perfect for work and gaming. Battery life is excellent.,2024-11-16
TV1318,3.5,Easy to set up. Great smart features. Picture quality is amazing.,2024-09-15
SP0048,4.0,Camera quality is outstanding.,2025-01-29
LP1048,4.0,Keyboard feels premium. Great performance for the price. Runs all my applications smoothly.,2024-12-27
TV0671,4.0,Smart interface works smoothly.,2024-11-29
SPK1028,3.5,Clear audio at high volumes.,2025-02-16
SPK0966,5.0,Perfect for parties.,2024-11-14
SP1565,4.0,Amazing value for money. Screen is beautiful.,2024-11-21
LP1005,3.5,Battery life is excellent.,2025-01-22
LP0414,4.0,Display is crystal clear. Perfect for work and gaming.,2024-09-23
SP1258,2.5,Camera quality is poor. Touch screen issues. Keeps freezing randomly.,2024-10-03
SPK0995,5.0,Clear audio at high volumes.,2025-02-10
LP1014,3.5,Great performance for the price.,2024-09-19
LP1991,3.5,Stays cool under heavy load. Battery life is excellent.,2025-01-23
SPK1754,4.0,Perfect for parties. Build quality is solid. Sound quality is amazing.,2024-10-11
LP0947,3.5,Build quality is excellent. Perfect for work and gaming.,2025-02-16
SP0736,3.5,Face recognition works perfectly. Camera quality is outstanding.,2025-01-25
TV0621,4.0,Easy to set up.,2024-09-14
SPK0489,4.0,Battery life is excellent.,2024-12-24
SP0502,4.0,Performance is snappy. Camera quality is outstanding.,2024-12-15
LP1875,4.5,Great performance for the price. Keyboard feels premium. Build quality is excellent.,2024-11-18
TV1870,4.0,Great smart features. Smart interface works smoothly. Easy to set up.,2024-09-17
SPK0659,4.0,Great bass response. Battery life is excellent.,2024-12-30
SP1302,3.5,Screen is beautiful. Fast charging is great. Performance is snappy.,2024-12-13
LP0414,3.5,Keyboard feels premium.,2024-12-14
LP0607,3.5,Build quality is excellent. Stays cool under heavy load. Display is crystal clear.,2024-09-09
SPK0892,5.0,Battery life is excellent. Perfect for parties. Clear audio at high volumes.,2025-01-14
SPK0610,3.0,Battery dies quickly. Distorts at high volume. Bass is weak.,2025-01-04
SPK0666,4.0,Build quality is solid. Great bass response.,2025-01-23
LP1497,4.5,Build quality is excellent.,2025-01-15
TV0928,4.5,The colors are vibrant. Perfect for my living room. Amazing value for money.,2024-12-16
LP0119,4.5,Build quality is excellent. Display is crystal clear. Runs all my applications smoothly.,2024-10-21
SP1932,4.0,Fast charging is great.,2024-10-22
SPK1864,3.5,Battery life is excellent. Portable and lightweight.,2024-09-08
TV1670,3.5,The colors are vibrant. Great smart features.,2025-01-16
TV1581,5.0,Picture quality is amazing. Perfect for my living room. Smart interface works smoothly.,2024-09-12
SP1032,4.0,Battery lasts all day. Great build quality.,2025-02-19
LP1910,4.0,Display is crystal clear. Keyboard feels premium.,2024-12-07
SPK0497,4.0,Perfect for parties. Great bass response.,2024-12-06
TV1035,3.5,Picture quality is amazing. Perfect for my living room.,2024-10-17
TV0768,4.0,Sound quality is excellent. Great smart features.,2025-01-16
LP1147,5.0,Perfect for work and gaming. Stays cool under heavy load.,2024-08-31
SP1270,3.0,Overheats while charging. Software is buggy. Battery drains quickly.,2025-01-26
SPK0684,3.5,Clear audio at high volumes. Portable and lightweight.,2024-12-08
SP0388,4.0,Performance is snappy. Fast charging is great.,2025-01-11
SPK1934,3.5,Perfect for parties. Easy to pair with devices. Clear audio at high volumes.,2024-11-21
LP1861,5.0,Great performance for the price.,2024-10-23
LP1909,4.0,Build quality is excellent. Stays cool under heavy load.,2025-02-10
SPK1176,4.0,Portable and lightweight. Great bass response. Perfect for parties.,2024-10-28
SPK0955,3.5,Battery life is excellent. Easy to pair with devices.,2025-02-22
TV1996,3.0,Started flickering after few months. Sound quality is disappointing.,2024-12-27
SPK0022,3.5,Easy to pair with devices. Sound quality is amazing.,2024-10-07
LP1272,3.0,Battery dies quickly. Slow boot times. Screen has backlight bleeding.,2025-02-20
LP1280,4.5,Stays cool under heavy load.,2024-09-12
TV0697,4.5,Sound quality is excellent. The colors are vibrant. Great smart features.,2025-02-03
SP0424,3.5,Camera quality is outstanding.,2025-02-06
TV1609,3.5,Easy to set up. Amazing value for money. Perfect for my living room.,2025-02-19
TV0998,3.5,Sound quality is excellent. Easy to set up.,2024-12-11
SPK1164,3.5,Portable and lightweight. Build quality is solid. Battery life is excellent.,2025-02-20
TV0129,3.5,Great smart features.,2024-11-22
SP1557,4.5,Face recognition works perfectly.,2024-11-15
LP0802,4.0,Display is crystal clear. Build quality is excellent.,2024-12-04
SP1250,5.0,Battery lasts all day. Performance is snappy. Camera quality is outstanding.,2024-10-14
TV0256,3.5,Amazing value for money. Easy to set up. Great smart features.,2024-11-25
SPK1232,4.0,Easy to pair with devices. Great bass response.,2024-12-09
SP1492,4.0,Screen is beautiful. Face recognition works perfectly. Camera quality is outstanding.,2024-09-05
SP1473,3.0,Poor signal reception. Battery drains quickly.,2024-10-01
SP0351,3.5,Amazing value for money. Great build quality.,2025-02-19
SP1026,3.5,Amazing value for money. Fast charging is great.,2024-09-06
SPK1493,4.0,Easy to pair with devices. Battery life is excellent.,2024-12-16
LP1365,5.0,Runs all my applications smoothly. Stays cool under heavy load. Build quality is excellent.,2024-10-22
LP0259,3.0,Battery dies quickly. Slow boot times. Keyboard started malfunctioning.,2024-12-19
TV0772,3.5,Easy to set up. Sound quality is excellent. Perfect for my living room.,2025-01-04
LP1605,4.0,Display is crystal clear. Keyboard feels premium.,2025-01-19
LP0657,4.0,Stays cool under heavy load. Build quality is excellent. Keyboard feels premium.,2024-11-10
LP0119,4.5,Battery life is excellent. Build quality is excellent.,2024-09-04
SPK1381,5.0,Battery life is excellent.,2024-09-22
TV1390,3.0,Started flickering after few months. Remote control stopped working.,2024-12-07
SP0036,4.0,Amazing value for money. Screen is beautiful.,2024-10-11
SP0006,4.0,Fast charging is great.,2024-11-26
SP1765,4.5,Fast charging is great. Performance is snappy.,2025-01-20
SPK1732,4.0,Easy to pair with devices.,2025-01-14
LP0121,3.0,Fan is very noisy.,2025-02-11
SPK0916,3.5,Sound quality is amazing. Clear audio at high volumes. Battery life is excellent.,2025-01-15
SPK1577,4.0,Easy to pair with devices.,2025-01-27
LP0809,4.5,Keyboard feels premium. Great performance for the price. Battery life is excellent.,2024-12-26
LP0590,4.0,Display is crystal clear. Great performance for the price. Keyboard feels premium.,2024-10-27
LP0467,4.5,Battery life is excellent.,2024-09-09
SPK0827,4.0,Build quality is solid. Battery life is excellent. Clear audio at high volumes.,2024-10-16
LP1119,4.0,Stays cool under heavy load. Build quality is excellent.,2024-10-21
SPK0130,4.0,Easy to pair with devices. Battery life is excellent.,2024-09-23
TV1102,4.0,Smart interface works smoothly. Picture quality is amazing.,2025-02-16
SPK0827,4.5,Portable and lightweight.,2025-02-19
SP0235,4.0,Face recognition works perfectly.,2024-11-23
SPK0639,3.5,Great bass response.,2024-10-06
LP0153,4.0,Display is crystal clear. Keyboard feels premium.,2024-10-07
SPK1971,3.5,Perfect for parties.,2024-12-28
SPK0982,4.5,Clear audio at high volumes. Great bass response.,2025-01-13
LP0194,3.5,Keyboard feels premium. Build quality is excellent.,2024-12-22
SP1246,4.0,Performance is snappy. Battery lasts all day. Screen is beautiful.,2024-10-31
LP1792,5.0,Runs all my applications smoothly.,2024-09-08
LP1547,3.5,Battery life is excellent. Stays cool under heavy load. Perfect for work and gaming.,2024-11-30
LP1770,4.0,Perfect for work and gaming. Display is crystal clear.,2024-11-25
TV1261,4.0,Smart interface works smoothly.,2024-12-13
SPK1683,3.5,Great bass response. Perfect for parties. Sound quality is amazing.,2025-02-08
SP1420,3.0,Battery drains quickly. Not worth the price. Overheats while charging.,2025-01-22
SP0779,4.5,Battery lasts all day.,2024-08-31
SPK1080,3.0,Bluetooth connection drops.,2025-01-30
TV0417,3.5,Smart interface works smoothly.,2024-12-23
LP0708,4.0,Stays cool under heavy load. Battery life is excellent. Display is crystal clear.,2024-10-13
TV0586,3.5,Picture quality is amazing.,2024-10-15
LP0318,4.5,Perfect for work and gaming. Display is crystal clear. Battery life is excellent.,2024-11-20
TV1023,4.0,The colors are vibrant. Amazing value for money. Great smart features.,2024-10-28
SPK1339,5.0,Build quality is solid. Clear audio at high volumes.,2024-10-28
SPK1154,4.0,Great bass response.,2024-09-20
SPK1162,4.5,Perfect for parties. Great bass response.,2024-10-31
SPK1601,4.0,Great bass response. Easy to pair with devices. Perfect for parties.,2024-09-09
SPK1508,4.0,Great bass response. Sound quality is amazing.,2025-01-16
SP1112,5.0,Battery lasts all day. Screen is beautiful. Camera quality is outstanding.,2024-09-18
SP0754,5.0,Camera quality is outstanding.,2025-01-27
SP1135,3.0,Not worth the price. Keeps freezing randomly.,2024-10-15
TV1191,5.0,The colors are vibrant. Perfect for my living room. Smart interface works smoothly.,2025-02-07
TV0299,3.5,Easy to set up. Picture quality is amazing.,2025-01-20
SPK1688,5.0,Perfect for parties.,2025-01-03
SP0062,4.0,Great build quality.,2024-11-12
SPK1779,4.0,Great bass response. Sound quality is amazing.,2024-11-06
SPK1825,3.5,Easy to pair with devices. Perfect for parties.,2024-12-02
SPK0740,3.5,Great bass response. Battery life is excellent.,2025-02-03
LP1545,3.5,Keyboard feels premium. Build quality is excellent. Perfect for work and gaming.,2024-12-01
TV1360,4.0,Easy to set up. Perfect for my living room. Amazing value for money.,2025-01-26
SP1290,4.0,Fast charging is great. Face recognition works perfectly.,2024-12-29
TV0791,5.0,Sound quality is excellent. Amazing value for money. Great smart features.,2025-01-10
SPK1717,3.5,Battery life is excellent. Great bass response.,2024-09-12
LP1497,4.0,Battery life is excellent. Great performance for the price.,2024-09-20
SP0588,4.5,Screen is beautiful. Face recognition works perfectly. Fast charging is great.,2024-12-01
SP0329,3.5,Fast charging is great. Amazing value for money.,2024-11-11
TV0769,3.5,Easy to set up. The colors are vibrant.,2024-10-01
SPK1404,4.0,Perfect for parties.,2025-02-08
TV1091,3.0,Remote control stopped working. Started flickering after few months. Poor viewing angles.,2025-02-21
SPK1080,3.0,Not loud enough.,2025-02-14
LP0047,3.5,Perfect for work and gaming. Great performance for the price. Stays cool under heavy load.,2025-01-14
SPK1344,4.5,Build quality is solid.,2025-01-16
LP0170,4.5,Battery life is excellent. Keyboard feels premium.,2025-01-14
SPK0666,3.5,Battery life is excellent. Portable and lightweight.,2024-10-24
TV0664,4.0,Picture quality is amazing. Great smart features.,2025-02-07
SPK1421,3.0,Sound quality is mediocre. Poor build quality.,2025-01-15
SPK0882,4.0,Build quality is solid. Sound quality is amazing.,2025-02-11
SP1479,4.5,Great build quality.,2024-09-13
LP1374,3.5,Runs all my applications smoothly. Battery life is excellent. Keyboard feels premium.,2024-09-29
LP0954,5.0,Perfect for work and gaming.,2024-09-08
LP0119,5.0,Great performance for the price. Display is crystal clear. Stays cool under heavy load.,2024-12-07
SPK0633,5.0,Great bass response. Build quality is solid. Easy to pair with devices.,2025-02-18
LP0091,4.5,Great performance for the price. Battery life is excellent.,2024-09-24
SPK1759,3.0,Poor build quality. Sound quality is mediocre.,2025-02-01
LP0970,3.0,Trackpad is unresponsive. Slow boot times.,2024-11-22
TV1685,3.5,Smart interface works smoothly. Sound quality is excellent. The colors are vibrant.,2025-01-23
LP0121,3.5,Great performance for the price.,2024-10-03
TV0266,4.0,Great smart features. Amazing value for money.,2025-01-18
SP1737,4.0,Camera quality is outstanding. Amazing value for money.,2024-11-02
TV0009,4.5,Perfect for my living room. The colors are vibrant.,2025-02-09
TV0559,4.0,Smart interface works smoothly. Picture quality is amazing. The colors are vibrant.,2024-10-30
SPK1197,4.5,Perfect for parties.,2024-09-17
SPK0476,5.0,Battery life is excellent. Portable and lightweight.,2024-08-31
SPK0482,4.5,Portable and lightweight. Great bass response.,2025-02-17
TV1434,3.5,Great smart features. Sound quality is excellent. Perfect for my living room.,2024-09-23
SP1994,3.5,Camera quality is outstanding. Battery lasts all day.,2024-08-26
SP1451,4.0,Face recognition works perfectly. Camera quality is outstanding. Fast charging is great.,2025-02-09
TV1098,4.5,Sound quality is excellent. Great smart features. The colors are vibrant.,2024-09-16
SP0244,3.5,Screen is beautiful. Fast charging is great. Performance is snappy.,2024-09-03
TV0430,4.5,The colors are vibrant. Amazing value for money. Picture quality is amazing.,2024-12-07
SPK0509,3.5,Clear audio at high volumes. Portable and lightweight. Build quality is solid.,2024-12-26
SP1590,4.0,Screen is beautiful. Battery lasts all day. Face recognition works perfectly.,2024-11-18
SP0207,3.5,Great build quality. Camera quality is outstanding.,2024-11-02
TV0692,3.0,Smart features are laggy.,2025-01-12
SP0099,3.0,Keeps freezing randomly.,2024-11-24
TV1621,4.0,The colors are vibrant. Amazing value for money.,2025-02-08
LP1282,4.0,Battery life is excellent. Build quality is excellent.,2024-12-06
SPK0899,4.0,Portable and lightweight. Great bass response. Perfect for parties.,2024-12-06
TV1389,5.0,Easy to set up. Picture quality is amazing.,2025-01-28
SPK1757,4.0,Great bass response. Perfect for parties.,2024-10-07
SP0388,4.0,Great build quality. Performance is snappy. Face recognition works perfectly.,2024-11-29
SP0775,3.0,Software is buggy. Battery drains quickly.,2024-09-06
SPK0531,4.0,Build quality is solid. Sound quality is amazing.,2024-12-11
TV1874,4.5,The colors are vibrant. Great smart features. Amazing value for money.,2024-12-28
LP0802,4.0,Runs all my applications smoothly. Build quality is excellent.,2024-11-06
LP0141,5.0,Battery life is excellent. Runs all my applications smoothly.,2024-08-29
LP1319,4.0,Build quality is excellent.,2024-11-07
LP0758,4.0,Build quality is excellent. Perfect for work and gaming.,2025-02-19
TV1992,3.5,Picture quality is amazing. Perfect for my living room.,2025-01-19
TV0993,3.0,Poor viewing angles.,2025-01-31
LP1519,4.5,Perfect for work and gaming. Build quality is excellent.,2024-08-27
TV1549,4.0,The colors are vibrant. Smart interface works smoothly. Sound quality is excellent.,2025-02-09
SPK1493,4.0,Portable and lightweight. Battery life is excellent. Build quality is solid.,2024-08-29
SPK0130,4.5,Sound quality is amazing.,2024-08-26
TV1719,4.5,Smart interface works smoothly. Great smart features. Picture quality is amazing.,2024-11-30
TV1018,4.5,Picture quality is amazing. Perfect for my living room.,2024-12-08
SPK0842,5.0,Battery life is excellent.,2024-11-23
SP0627,4.0,Camera quality is outstanding. Battery lasts all day.,2024-10-04
LP1435,4.0,Keyboard feels premium. Display is crystal clear.,2024-11-12
SP0898,3.5,Camera quality is outstanding. Screen is beautiful. Performance is snappy.,2024-12-22
LP0742,4.5,Stays cool under heavy load. Display is crystal clear. Build quality is excellent.,2024-12-23
LP0881,4.0,Runs all my applications smoothly. Perfect for work and gaming.,2024-12-10
SP0752,3.5,Performance is snappy. Camera quality is outstanding.,2024-09-30
TV0825,4.0,Smart interface works smoothly. Picture quality is amazing. Perfect for my living room.,2024-10-28
SP0880,4.5,Performance is snappy.,2024-11-16
LP0548,5.0,Keyboard feels premium. Perfect for work and gaming. Display is crystal clear.,2024-09-27
SPK0366,4.0,Clear audio at high volumes. Portable and lightweight.,2024-11-12
TV1256,3.5,Perfect for my living room. Great smart features.,2024-08-26
SP1727,4.0,Great build quality. Camera quality is outstanding.,2024-12-21
SP0576,2.5,Not worth the price. Battery drains quickly. Software is buggy.,2024-11-26
SPK0441,4.0,Perfect for parties.,2024-12-22
TV0574,3.5,Sound quality is excellent. Picture quality is amazing.,2025-01-24
TV0046,4.5,Sound quality is excellent.,2025-02-13
LP0426,3.0,Battery dies quickly. Keyboard started malfunctioning.,2024-12-29
LP1853,3.5,Keyboard feels premium. Perfect for work and gaming.,2024-09-23
LP0104,3.0,Slow boot times. Battery dies quickly. Too heavy to carry around.,2024-09-14
SP0976,3.5,Screen is beautiful.,2024-09-14
SPK0531,5.0,Easy to pair with devices.,2025-02-17
SP0362,4.0,Face recognition works perfectly.,2024-12-01
SPK0727,4.0,Sound quality is amazing. Clear audio at high volumes. Great bass response.,2024-12-13
SP0812,5.0,Performance is snappy. Great build quality. Face recognition works perfectly.,2025-02-02
SP0520,5.0,Face recognition works perfectly. Battery lasts all day. Amazing value for money.,2024-11-08
SPK0914,4.0,Sound quality is amazing. Battery life is excellent.,2024-12-24
LP0023,3.0,Trackpad is unresponsive. Too heavy to carry around. Keyboard started malfunctioning.,2025-02-22
LP1605,3.5,Runs all my applications smoothly. Display is crystal clear. Stays cool under heavy load.,2024-12-17
SPK0507,4.0,Battery life is excellent.,2025-02-22
LP1946,4.0,Battery life is excellent.,2024-11-30
LP0161,4.5,Build quality is excellent. Perfect for work and gaming.,2024-09-18
LP1284,4.0,Perfect for work and gaming. Great performance for the price.,2025-01-09
SPK1858,4.5,Battery life is excellent. Great bass response.,2024-08-30
LP1498,4.0,Great performance for the price. Keyboard feels premium.,2025-02-15
TV1957,4.0,Great smart features.,2024-11-04
TV1848,4.5,Picture quality is amazing.,2024-10-20
SP0099,3.5,Screen is beautiful. Amazing value for money. Battery lasts all day.,2024-11-26
LP1546,4.5,Display is crystal clear.,2024-12-19
LP1812,4.0,Keyboard feels premium. Great performance for the price. Build quality is excellent.,2024-09-28
TV0427,4.0,Amazing value for money.,2024-11-03
SP0492,4.0,Screen is beautiful. Amazing value for money.,2024-11-10
SPK0208,4.5,Sound quality is amazing. Easy to pair with devices. Clear audio at high volumes.,2024-11-03
SP0060,4.5,Performance is snappy. Screen is beautiful.,2025-02-01
TV1049,4.5,Smart interface works smoothly. Perfect for my living room.,2024-09-04
TV0451,5.0,Perfect for my living room.,2025-01-25
SPK0092,4.5,Battery life is excellent. Easy to pair with devices. Portable and lightweight.,2024-11-12
LP1169,4.0,Display is crystal clear.,2024-11-21
LP0788,4.0,Runs all my applications smoothly. Display is crystal clear.,2024-09-23
LP1632,2.5,Screen has backlight bleeding. Trackpad is unresponsive.,2024-11-02
SPK0878,3.5,Sound quality is amazing.,2024-11-23
SP0847,5.0,Performance is snappy. Screen is beautiful.,2024-11-22
LP1952,3.0,Fan is very noisy. Too heavy to carry around. Runs hot under load.,2024-10-13
LP1345,4.0,Perfect for work and gaming. Build quality is excellent.,2024-10-12
SP0288,4.0,Camera quality is outstanding. Amazing value for money.,2025-01-11
TV1190,4.0,The colors are vibrant. Amazing value for money. Smart interface works smoothly.,2025-01-05
SPK0794,4.0,Sound quality is amazing. Build quality is solid.,2024-10-13
SP0853,4.5,Battery lasts all day.,2025-01-19
TV0075,4.0,Sound quality is excellent.,2024-09-11
SP0186,4.5,Face recognition works perfectly.,2025-02-18
LP1666,4.0,Battery life is excellent. Build quality is excellent. Stays cool under heavy load.,2024-12-09
TV1701,4.0,Sound quality is excellent. Easy to set up.,2024-12-26
SPK0958,4.0,Build quality is solid. Clear audio at high volumes. Perfect for parties.,2024-11-09
SPK0171,4.0,Battery life is excellent.,2024-09-12
TV1212,4.5,Easy to set up. The colors are vibrant. Picture quality is amazing.,2024-09-08
LP0155,3.5,Great performance for the price. Battery life is excellent. Display is crystal clear.,2024-09-01
SP0236,4.0,Fast charging is great.,2024-11-30
SPK0456,4.5,Sound quality is amazing. Great bass response. Build quality is solid.,2024-12-14
SP1333,4.5,Battery lasts all day. Great build quality.,2024-10-09
SPK1115,4.5,Easy to pair with devices. Sound quality is amazing.,2024-10-09
LP0558,4.0,Keyboard feels premium.,2025-02-12
SPK0398,4.5,Clear audio at high volumes. Perfect for parties.,2025-01-23
SPK1052,4.5,Portable and lightweight.,2024-09-21
TV0123,5.0,The colors are vibrant. Picture quality is amazing.,2024-12-08
SPK1893,5.0,Perfect for parties.,2024-09-08
SP0147,4.0,Camera quality is outstanding.,2024-12-19
SPK1877,4.0,Clear audio at high volumes. Perfect for parties. Great bass response.,2024-09-27
SP0317,3.0,Touch screen issues.,2025-02-13
TV0266,3.5,Smart interface works smoothly. Sound quality is excellent. The colors are vibrant.,2024-10-17
SP0248,3.5,Screen is beautiful. Fast charging is great.,2024-12-04
LP0178,4.0,Great performance for the price.,2024-12-07
SPK0111,4.0,Portable and lightweight. Clear audio at high volumes. Perfect for parties.,2024-12-30
LP1308,4.0,Battery life is excellent. Keyboard feels premium.,2024-10-01
TV0768,4.0,Great smart features. Amazing value for money.,2025-02-02
LP1217,3.5,Display is crystal clear. Runs all my applications smoothly. Keyboard feels premium.,2024-11-03
TV1762,3.5,Perfect for my living room. Smart interface works smoothly. Amazing value for money.,2024-10-16
SPK1156,3.5,Perfect for parties. Portable and lightweight. Easy to pair with devices.,2024-09-06
SPK1799,3.5,Great bass response. Portable and lightweight.,2024-12-19
TV1891,3.5,Smart interface works smoothly.,2025-02-15
LP0176,3.5,Stays cool under heavy load. Build quality is excellent.,2025-02-08
SPK1508,3.5,Portable and lightweight. Sound quality is amazing.,2024-09-09
LP0726,4.0,Keyboard feels premium.,2024-12-27
LP0182,4.5,Keyboard feels premium. Great performance for the price.,2024-10-08
LP0650,4.5,Great performance for the price. Keyboard feels premium.,2024-11-21
LP1414,4.0,Perfect for work and gaming. Keyboard feels premium. Battery life is excellent.,2024-11-01
SP1246,3.0,Touch screen issues. Overheats while charging.,2025-01-26
SP1693,4.5,Fast charging is great.,2025-01-27
LP0446,4.0,Perfect for work and gaming. Stays cool under heavy load.,2024-08-31
LP1909,3.5,Runs all my applications smoothly. Great performance for the price.,2025-01-27
LP1842,3.5,Great performance for the price. Build quality is excellent. Runs all my applications smoothly.,2025-01-12
TV1908,4.0,Sound quality is excellent. Great smart features. Perfect for my living room.,2024-11-21
SP1495,4.0,Camera quality is outstanding. Battery lasts all day.,2024-10-21
LP0759,4.5,Runs all my applications smoothly.,2024-11-23
SP0258,5.0,Camera quality is outstanding. Screen is beautiful.,2025-01-29
SP1500,4.0,Battery lasts all day. Amazing value for money.,2025-02-16
TV0993,3.0,WiFi connectivity issues. Remote control stopped working. Customer support is terrible.,2024-12-28
LP0002,4.0,Display is crystal clear. Build quality is excellent.,2024-08-27
LP1066,4.0,Runs all my applications smoothly.,2024-11-08
SPK0639,3.0,Battery dies quickly.,2024-12-29
TV0397,4.5,Smart interface works smoothly. Amazing value for money. Easy to set up.,2024-09-09
TV0417,4.5,Picture quality is amazing. The colors are vibrant.,2025-01-12
SP0589,4.0,Fast charging is great.,2024-10-31
LP1566,3.5,Runs all my applications smoothly. Keyboard feels premium. Stays cool under heavy load.,2025-01-17
SPK1779,5.0,Perfect for parties. Build quality is solid.,2025-01-01
SP1949,4.0,Battery lasts all day. Screen is beautiful. Camera quality is outstanding.,2025-01-28
SPK0384,3.5,Perfect for parties.,2025-01-05
SP0401,4.5,Screen is beautiful. Performance is snappy. Fast charging is great.,2025-02-11
SP1931,4.0,Screen is beautiful.,2024-09-10
SPK0878,4.0,Battery life is excellent. Build quality is solid. Clear audio at high volumes.,2024-12-11
SP0389,3.0,Poor signal reception. Overheats while charging. Battery drains quickly.,2024-10-18
LP0121,5.0,Great performance for the price. Display is crystal clear.,2024-11-09
SP1844,5.0,Great build quality. Camera quality is outstanding.,2024-09-07
LP0809,4.0,Stays cool under heavy load.,2024-11-29
TV0201,3.5,Amazing value for money.,2025-02-08
TV0129,4.5,Smart interface works smoothly.,2025-01-13
SP1885,3.5,Performance is snappy. Screen is beautiful. Battery lasts all day.,2025-01-13
SP0729,4.5,Camera quality is outstanding. Face recognition works perfectly.,2024-11-06
SP0774,4.0,Performance is snappy. Screen is beautiful.,2024-12-05
SPK1087,3.0,Not loud enough. Poor build quality. Battery dies quickly.,2024-09-29
SP0734,4.5,Great build quality. Fast charging is great. Battery lasts all day.,2025-01-05
TV0616,3.5,Perfect for my living room. Picture quality is amazing.,2024-09-20
SP1565,4.0,Performance is snappy.,2024-12-16
SPK0926,4.0,Battery life is excellent.,2024-10-19
LP1138,3.0,Battery dies quickly. Fan is very noisy.,2024-10-04
TV1456,4.5,Amazing value for money. Easy to set up. Sound quality is excellent.,2024-11-19
SP0311,4.5,Face recognition works perfectly. Performance is snappy.,2025-02-16
TV1125,4.5,Amazing value for money.,2024-10-07
SP0571,4.0,Performance is snappy. Great build quality. Camera quality is outstanding.,2025-01-09
SPK0856,4.5,Build quality is solid. Portable and lightweight.,2025-02-08
SP1555,3.0,Keeps freezing randomly. Poor signal reception.,2025-01-15
LP0726,4.0,Build quality is excellent. Battery life is excellent. Perfect for work and gaming.,2024-11-08
SP1857,3.5,Amazing value for money. Face recognition works perfectly. Great build quality.,2024-10-21
SP0723,4.0,Screen is beautiful. Face recognition works perfectly. Camera quality is outstanding.,2024-11-24
TV0689,3.5,Amazing value for money.,2024-12-24
LP1072,4.5,Battery life is excellent. Perfect for work and gaming. Runs all my applications smoothly.,2024-10-16
TV0422,4.5,Picture quality is amazing. Great smart features.,2025-02-13
SP0752,3.5,Fast charging is great. Amazing value for money. Performance is snappy.,2025-01-18
SP1555,4.5,Great build quality. Face recognition works perfectly.,2024-11-22
LP0380,3.5,Stays cool under heavy load.,2024-11-28
SP0749,4.0,Fast charging is great. Amazing value for money. Performance is snappy.,2024-10-26
LP0473,4.5,Perfect for work and gaming. Display is crystal clear. Build quality is excellent.,2025-01-27
SPK0646,5.0,Clear audio at high volumes. Perfect for parties.,2024-09-20
TV1327,3.5,Picture quality is amazing. Smart interface works smoothly. Amazing value for money.,2024-11-11
SP0223,4.5,Great build quality. Screen is beautiful. Amazing value for money.,2024-11-02
LP0770,5.0,Battery life is excellent. Perfect for work and gaming.,2024-11-11
SPK0899,3.0,Poor build quality.,2024-09-15
LP1366,4.5,Battery life is excellent.,2024-09-03
LP0189,3.5,Keyboard feels premium. Perfect for work and gaming. Great performance for the price.,2025-02-20
SP1279,3.5,Screen is beautiful.,2024-09-12
SP1813,4.5,Amazing value for money. Battery lasts all day. Face recognition works perfectly.,2024-10-31
SP1010,3.5,Face recognition works perfectly.,2025-01-28
TV0699,4.5,Sound quality is excellent. Great smart features.,2025-01-15
SPK0305,3.5,Great bass response.,2024-11-01
SPK0490,4.5,Perfect for parties.,2025-02-15
TV1760,3.5,Smart interface works smoothly. Amazing value for money.,2024-09-06
LP0174,5.0,Stays cool under heavy load. Build quality is excellent.,2024-10-02
TV0689,3.0,WiFi connectivity issues. Remote control stopped working. Screen developed dead pixels.,2024-10-11
SPK1405,4.5,Perfect for parties. Great bass response.,2024-11-15
LP0597,3.0,Trackpad is unresponsive.,2024-10-01
TV1818,4.0,Amazing value for money. The colors are vibrant.,2024-10-22
SPK0264,4.5,Portable and lightweight.,2024-11-12
SPK1508,4.0,Build quality is solid. Great bass response. Easy to pair with devices.,2024-09-28
SPK0224,3.5,Great bass response. Battery life is excellent.,2025-01-02
LP0469,4.0,Runs all my applications smoothly. Battery life is excellent. Keyboard feels premium.,2024-11-01
SP0693,3.5,Face recognition works perfectly.,2025-01-15
SP0866,3.0,Touch screen issues. Software is buggy. Keeps freezing randomly.,2025-01-04
TV0460,5.0,Sound quality is excellent. Great smart features. Perfect for my living room.,2024-09-04
SP1869,5.0,Fast charging is great.,2024-11-08
TV1772,5.0,Picture quality is amazing. Amazing value for money.,2024-11-11
SPK1285,4.0,Perfect for parties. Easy to pair with devices. Build quality is solid.,2024-10-11
SPK1756,3.5,Easy to pair with devices. Portable and lightweight. Sound quality is amazing.,2024-12-17
SPK0482,3.5,Perfect for parties. Portable and lightweight.,2024-09-14
LP1363,3.0,Battery dies quickly.,2025-01-18
SPK0509,4.5,Great bass response. Battery life is excellent. Build quality is solid.,2024-08-30
SP0888,3.0,Camera quality is poor.,2025-01-20
SPK1526,4.0,Build quality is solid.,2025-01-23
LP0057,4.5,Great performance for the price. Stays cool under heavy load. Battery life is excellent.,2025-01-22
SPK0833,2.5,Distorts at high volume. Bass is weak.,2024-10-22
TV0124,4.5,Amazing value for money. Great smart features. The colors are vibrant.,2024-09-02
SP1237,4.5,Battery lasts all day. Face recognition works perfectly.,2025-01-12
SPK1789,3.0,Not loud enough.,2025-01-04
LP0029,5.0,Battery life is excellent. Build quality is excellent.,2025-02-03
LP1873,4.0,Great performance for the price. Runs all my applications smoothly.,2024-11-20
SPK1172,3.5,Battery life is excellent. Portable and lightweight.,2025-01-20
LP1067,4.5,Display is crystal clear. Stays cool under heavy load.,2025-01-11
TV1329,3.5,The colors are vibrant.,2024-11-18
SP1927,5.0,Great build quality.,2024-10-15
SP0683,4.0,Face recognition works perfectly. Camera quality is outstanding.,2024-11-26
SP0024,4.0,Face recognition works perfectly. Performance is snappy.,2024-12-04
SP1727,3.5,Battery lasts all day. Screen is beautiful. Performance is snappy.,2024-12-18
LP1111,4.0,Stays cool under heavy load. Runs all my applications smoothly. Great performance for the price.,2024-08-29
SP0344,5.0,Fast charging is great.,2025-01-18
SPK0450,4.0,Clear audio at high volumes. Easy to pair with devices. Portable and lightweight.,2024-11-16
TV1208,4.0,Picture quality is amazing. Great smart features. Sound quality is excellent.,2024-11-19
LP1635,5.0,Battery life is excellent.,2025-01-24
SPK1322,3.0,Distorts at high volume.,2024-12-28
SPK0092,2.5,Charging port stopped working. Bluetooth connection drops. Not loud enough.,2025-01-28
TV0431,2.5,Screen developed dead pixels. Started flickering after few months. WiFi connectivity issues.,2024-09-27
SPK0710,4.0,Battery life is excellent. Build quality is solid.,2024-09-26
SP1278,4.0,Camera quality is outstanding.,2025-01-16
SPK0953,3.0,Sound quality is mediocre. Not loud enough. Bass is weak.,2024-12-31
SP1193,3.0,Software is buggy.,2025-01-31
SPK0891,3.5,Battery life is excellent. Easy to pair with devices. Portable and lightweight.,2025-01-13
SP0214,4.0,Screen is beautiful. Amazing value for money. Face recognition works perfectly.,2024-11-12
TV1851,4.0,Sound quality is excellent. Picture quality is amazing.,2025-02-03
LP0609,2.5,Too heavy to carry around.,2025-01-30
TV0040,3.5,Great smart features.,2024-12-13
SPK0943,4.0,Easy to pair with devices. Sound quality is amazing. Build quality is solid.,2024-11-06
SPK1188,4.5,Sound quality is amazing. Build quality is solid.,2024-11-03
SP0880,4.0,Camera quality is outstanding. Fast charging is great. Great build quality.,2025-01-23
LP0563,4.0,Battery life is excellent. Stays cool under heavy load. Build quality is excellent.,2025-01-27
LP1073,5.0,Great performance for the price.,2025-01-16
SPK1577,3.5,Sound quality is amazing.,2024-12-14
LP1481,4.0,Build quality is excellent.,2025-02-04
LP0227,4.0,Stays cool under heavy load. Runs all my applications smoothly. Display is crystal clear.,2025-01-25
SP0511,3.5,Screen is beautiful. Fast charging is great. Great build quality.,2024-12-26
SP1173,4.5,Performance is snappy. Amazing value for money. Battery lasts all day.,2024-11-06
TV0820,4.0,Picture quality is amazing.,2024-11-01
SP1869,4.5,Great build quality. Performance is snappy. Face recognition works perfectly.,2024-10-13
TV1851,4.5,Sound quality is excellent. Perfect for my living room. Picture quality is amazing.,2024-11-15
SP1123,3.0,Camera quality is poor.,2024-12-01
SP1492,4.5,Camera quality is outstanding. Performance is snappy.,2024-12-27
LP0326,4.0,Build quality is excellent. Display is crystal clear.,2025-02-02
TV1644,3.5,The colors are vibrant. Perfect for my living room. Sound quality is excellent.,2024-11-03
SPK1935,5.0,Perfect for parties. Sound quality is amazing.,2024-11-22
TV0920,4.5,Smart interface works smoothly. Picture quality is amazing. Great smart features.,2024-12-28
SP1230,4.0,Performance is snappy. Great build quality.,2024-09-22
SPK0145,3.5,Battery life is excellent. Sound quality is amazing.,2024-11-05
SP1495,4.0,Battery lasts all day. Face recognition works perfectly. Screen is beautiful.,2024-11-16
LP0498,4.0,Stays cool under heavy load. Great performance for the price. Perfect for work and gaming.,2024-09-26
LP0106,4.0,Stays cool under heavy load. Perfect for work and gaming. Keyboard feels premium.,2025-01-23
SPK0638,4.5,Clear audio at high volumes. Battery life is excellent. Build quality is solid.,2025-02-19
LP0594,5.0,Perfect for work and gaming. Stays cool under heavy load. Keyboard feels premium.,2025-01-12
SPK1601,3.5,Build quality is solid. Clear audio at high volumes.,2025-02-19
SP0004,4.5,Battery lasts all day. Amazing value for money. Performance is snappy.,2024-10-30
TV0614,4.5,Perfect for my living room.,2024-12-08
SP0388,4.0,Fast charging is great.,2024-10-22
SPK0646,5.0,Clear audio at high volumes. Portable and lightweight. Great bass response.,2024-11-04
TV1157,4.0,Perfect for my living room. The colors are vibrant. Great smart features.,2025-01-22
SP0720,3.5,Performance is snappy. Great build quality. Fast charging is great.,2025-02-21
LP0524,4.5,Great performance for the price. Battery life is excellent.,2024-10-14
SPK0857,4.0,Great bass response. Portable and lightweight.,2024-09-11
SPK0744,4.5,Sound quality is amazing. Portable and lightweight. Battery life is excellent.,2024-12-04
LP0725,4.0,Runs all my applications smoothly.,2025-02-07
SPK0187,4.5,Clear audio at high volumes.,2024-11-16
TV1753,4.0,Perfect for my living room. The colors are vibrant.,2024-11-15
TV1539,4.0,Perfect for my living room. Sound quality is excellent. Picture quality is amazing.,2024-12-16
TV1851,4.0,The colors are vibrant.,2024-09-19
SP1575,4.0,Screen is beautiful.,2024-09-15
SP0691,4.0,Amazing value for money.,2024-09-21
SP1972,4.5,Battery lasts all day. Face recognition works perfectly. Screen is beautiful.,2024-10-16
TV0815,4.0,The colors are vibrant. Easy to set up. Smart interface works smoothly.,2024-11-28
SPK0882,5.0,Portable and lightweight.,2024-10-09
SP0181,3.5,Screen is beautiful.,2024-10-07
SPK1181,3.0,Sound quality is mediocre.,2024-11-30
SP0209,3.5,Performance is snappy. Screen is beautiful. Great build quality.,2024-12-03
SP0322,4.5,Fast charging is great. Battery lasts all day.,2024-11-20
SPK0522,5.0,Perfect for parties. Battery life is excellent. Sound quality is amazing.,2024-12-21
LP0008,4.0,Stays cool under heavy load.,2025-02-20
LP1905,4.0,Keyboard feels premium.,2024-09-03
LP0179,3.5,Runs all my applications smoothly.,2024-11-02
SP1941,3.5,Performance is snappy.,2024-08-31
SPK1890,4.0,Sound quality is amazing.,2025-01-27
LP1478,4.0,Stays cool under heavy load.,2025-02-09
SPK1484,3.5,Clear audio at high volumes.,2024-10-12
LP0630,5.0,Runs all my applications smoothly. Battery life is excellent. Stays cool under heavy load.,2024-11-09
SPK1527,4.5,Build quality is solid.,2024-12-10
LP1013,4.0,Display is crystal clear. Runs all my applications smoothly. Battery life is excellent.,2025-01-29
SPK0703,4.5,Sound quality is amazing.,2025-01-17
TV0526,4.0,Great smart features.,2024-09-07
LP1512,4.5,Build quality is excellent. Great performance for the price.,2024-09-18
TV1136,4.0,The colors are vibrant.,2024-09-28
SP1295,4.5,Fast charging is great. Performance is snappy.,2025-02-21
LP0558,3.5,Perfect for work and gaming. Display is crystal clear. Battery life is excellent.,2024-09-11
LP1546,4.5,Perfect for work and gaming. Runs all my applications smoothly. Keyboard feels premium.,2024-11-08
SPK0744,4.0,Great bass response. Perfect for parties. Clear audio at high volumes.,2024-11-03
SP1361,4.0,Great build quality.,2024-09-08
SP1468,5.0,Great build quality. Camera quality is outstanding. Fast charging is great.,2025-01-08
LP0642,3.5,Runs all my applications smoothly.,2024-10-19
SPK0281,4.0,Sound quality is amazing. Easy to pair with devices.,2025-01-19
SP0287,3.5,Battery lasts all day. Amazing value for money. Camera quality is outstanding.,2024-09-03
SP0810,3.5,Camera quality is outstanding.,2025-01-21
TV1354,4.5,Great smart features. The colors are vibrant.,2024-11-07
SP0938,3.5,Screen is beautiful. Camera quality is outstanding. Performance is snappy.,2025-01-16
SPK0019,4.0,Easy to pair with devices. Sound quality is amazing. Great bass response.,2024-11-02
LP1973,4.0,Great performance for the price. Build quality is excellent.,2024-08-29
SPK0835,4.5,Sound quality is amazing. Perfect for parties. Great bass response.,2024-12-08
LP0950,3.0,Fan is very noisy. Keyboard started malfunctioning. Slow boot times.,2025-01-23
SPK0659,3.5,Portable and lightweight.,2024-11-17
TV1744,4.5,Great smart features.,2024-08-28
TV0785,5.0,Easy to set up. Picture quality is amazing.,2024-12-07
TV1829,3.0,Screen developed dead pixels. Remote control stopped working. Started flickering after few months.,2024-09-04
SPK0848,3.5,Build quality is solid.,2024-10-15
LP1345,4.0,Stays cool under heavy load.,2024-11-04
LP1715,3.5,Runs all my applications smoothly. Keyboard feels premium.,2024-11-26
TV1098,3.5,Picture quality is amazing.,2024-12-11
LP1595,5.0,Great performance for the price. Display is crystal clear.,2025-01-16
LP0515,5.0,Perfect for work and gaming. Runs all my applications smoothly.,2025-02-09
SPK1717,4.0,Perfect for parties. Battery life is excellent.,2024-11-17
SP1412,3.5,Amazing value for money. Great build quality. Fast charging is great.,2024-12-08
LP1241,4.0,Build quality is excellent. Battery life is excellent.,2025-01-25
TV0924,4.5,Easy to set up.,2024-12-12
SPK0049,4.5,Great bass response. Easy to pair with devices.,2024-12-11
SPK0394,4.0,Sound quality is amazing. Great bass response. Perfect for parties.,2025-01-28
TV0692,4.0,Sound quality is excellent.,2024-09-30
SPK0710,4.0,Easy to pair with devices. Build quality is solid.,2024-10-20
SPK1103,3.5,Clear audio at high volumes.,2024-10-25
SP1764,3.5,Fast charging is great.,2024-09-02
SPK1787,5.0,Build quality is solid.,2025-02-21
SP1328,3.5,Performance is snappy. Amazing value for money. Camera quality is outstanding.,2025-02-18
SP1207,4.0,Performance is snappy. Great build quality. Fast charging is great.,2024-09-22
SPK1281,3.5,Clear audio at high volumes.,2025-01-03
SP0588,4.0,Camera quality is outstanding. Screen is beautiful.,2024-12-28
SP0793,4.5,Great build quality. Battery lasts all day.,2024-09-11
LP1440,5.0,Keyboard feels premium. Battery life is excellent.,2025-01-03
LP0002,3.0,Slow boot times.,2024-10-04
TV0552,3.5,Picture quality is amazing.,2024-11-29
SPK0156,3.0,Sound quality is mediocre. Not loud enough. Battery dies quickly.,2024-11-28
SP1923,4.5,Camera quality is outstanding. Battery lasts all day.,2024-10-02
LP0300,4.0,Display is crystal clear. Perfect for work and gaming.,2024-12-29
TV0428,4.5,Smart interface works smoothly. Perfect for my living room. Sound quality is excellent.,2024-10-05
SP0288,5.0,Face recognition works perfectly. Amazing value for money. Performance is snappy.,2024-09-03
SP0986,4.0,Amazing value for money.,2024-10-22
TV1336,4.0,Great smart features. The colors are vibrant. Picture quality is amazing.,2024-09-22
LP1137,5.0,Build quality is excellent. Perfect for work and gaming. Display is crystal clear.,2024-11-03
TV1098,4.0,Perfect for my living room. Sound quality is excellent.,2024-10-25
TV0416,4.0,The colors are vibrant. Sound quality is excellent. Great smart features.,2024-12-04
TV1573,5.0,Smart interface works smoothly. Sound quality is excellent. Easy to set up.,2025-02-18
SPK0807,4.5,Portable and lightweight.,2025-02-18
SPK0981,4.5,Easy to pair with devices. Great bass response. Sound quality is amazing.,2025-01-19
TV1306,3.5,Easy to set up.,2024-12-17
SPK0101,3.5,Build quality is solid. Portable and lightweight.,2024-08-31
SPK1544,4.5,Portable and lightweight. Great bass response. Build quality is solid.,2024-11-26
SP1234,3.5,Great build quality.,2024-11-29
SPK0438,4.0,Build quality is solid. Great bass response. Sound quality is amazing.,2025-01-02
LP1335,4.0,Battery life is excellent.,2024-08-28
SP0931,5.0,Screen is beautiful. Camera quality is outstanding.,2024-09-22
SPK1593,3.5,Sound quality is amazing. Great bass response.,2024-10-18
TV0992,4.0,The colors are vibrant.,2024-09-05
LP1824,4.5,Runs all my applications smoothly. Build quality is excellent. Great performance for the price.,2025-02-09
LP1842,4.0,Perfect for work and gaming. Display is crystal clear.,2024-08-31
TV1391,5.0,Perfect for my living room. Amazing value for money.,2024-12-20
SPK0865,4.0,Sound quality is amazing.,2025-01-27
TV1644,4.0,Sound quality is excellent. The colors are vibrant. Perfect for my living room.,2024-10-24
SP1010,4.5,Great build quality.,2024-08-27
SPK0557,5.0,Battery life is excellent. Build quality is solid. Sound quality is amazing.,2024-12-02
TV0617,4.0,Picture quality is amazing. Easy to set up. Perfect for my living room.,2024-10-26
SPK0870,4.0,Great bass response. Clear audio at high volumes.,2024-10-10
LP0050,5.0,Perfect for work and gaming. Battery life is excellent. Display is crystal clear.,2024-09-28
TV1951,5.0,Great smart features.,2024-11-27
LP0515,3.5,Great performance for the price.,2024-12-19
LP1489,4.5,Runs all my applications smoothly.,2024-11-06
TV1267,4.0,Easy to set up. Amazing value for money.,2024-10-01
SP0262,3.5,Camera quality is outstanding.,2024-12-02
SPK1446,4.5,Battery life is excellent. Easy to pair with devices. Sound quality is amazing.,2024-11-19
SPK1950,3.5,Clear audio at high volumes. Battery life is excellent. Portable and lightweight.,2025-02-10
SPK1133,5.0,Sound quality is amazing. Perfect for parties.,2024-11-03
SP1964,4.0,Fast charging is great.,2024-11-20
SPK0641,3.5,Clear audio at high volumes.,2025-01-07
SPK1695,4.5,Easy to pair with devices. Build quality is solid. Sound quality is amazing.,2025-01-25
SP0248,2.5,Poor signal reception.,2024-08-27
SP0006,3.5,Screen is beautiful.,2025-02-04
TV0402,4.0,Smart interface works smoothly. Picture quality is amazing.,2024-12-10
SP1859,4.5,Fast charging is great.,2025-01-06
TV1703,4.0,Smart interface works smoothly.,2024-10-02
TV0541,4.0,The colors are vibrant. Sound quality is excellent. Easy to set up.,2024-12-14
SPK1368,4.0,Clear audio at high volumes.,2025-01-25
SPK0111,3.5,Clear audio at high volumes. Perfect for parties. Easy to pair with devices.,2025-02-07
SPK0890,4.5,Great bass response. Easy to pair with devices. Portable and lightweight.,2024-11-01
LP0473,4.0,Build quality is excellent. Runs all my applications smoothly. Great performance for the price.,2024-11-29
LP1240,3.5,Battery life is excellent. Build quality is excellent.,2025-01-03
TV1255,4.0,Picture quality is amazing. Amazing value for money.,2025-01-29
TV1102,4.5,The colors are vibrant.,2024-10-25
SP1894,3.5,Battery lasts all day. Camera quality is outstanding. Screen is beautiful.,2024-11-28
SP0131,4.5,Face recognition works perfectly. Amazing value for money. Battery lasts all day.,2025-01-18
TV0321,4.5,Amazing value for money. Smart interface works smoothly.,2024-09-02
TV1263,4.0,The colors are vibrant. Amazing value for money. Perfect for my living room.,2025-01-06
LP0494,4.5,Perfect for work and gaming.,2024-11-08
SPK0713,4.0,Easy to pair with devices.,2024-09-05
TV0338,3.5,Perfect for my living room. Great smart features.,2024-11-15
SP1153,5.0,Amazing value for money. Great build quality.,2024-10-28
SP0720,4.5,Face recognition works perfectly.,2025-02-14
LP1330,4.0,Runs all my applications smoothly.,2024-09-18
SP1970,4.0,Fast charging is great. Screen is beautiful. Camera quality is outstanding.,2025-01-20
LP0657,4.5,Build quality is excellent.,2024-10-27
SP0424,5.0,Camera quality is outstanding. Face recognition works perfectly. Great build quality.,2024-12-27
SPK1199,4.0,Clear audio at high volumes. Perfect for parties. Sound quality is amazing.,2024-11-14
SP0081,4.0,Battery lasts all day. Great build quality. Performance is snappy.,2024-12-19
LP1746,4.0,Stays cool under heavy load. Build quality is excellent.,2025-02-04
SPK0102,5.0,Great bass response.,2024-10-05
TV0356,3.0,Customer support is terrible. Remote control stopped working. WiFi connectivity issues.,2025-02-09
SP0223,4.5,Fast charging is great.,2024-12-21
SP1466,4.0,Battery lasts all day. Camera quality is outstanding.,2025-02-05
SP0492,4.5,Great build quality. Fast charging is great. Screen is beautiful.,2025-02-10
SPK0718,4.0,Build quality is solid. Battery life is excellent. Easy to pair with devices.,2024-10-17
LP0881,4.0,Keyboard feels premium.,2024-10-07
LP1625,5.0,Stays cool under heavy load. Display is crystal clear.,2025-02-09
SPK1324,2.5,Poor build quality.,2024-09-08
TV0711,4.0,Perfect for my living room. Smart interface works smoothly.,2024-11-13
SPK0510,3.5,Perfect for parties. Build quality is solid. Portable and lightweight.,2024-11-18
TV0831,3.5,Sound quality is excellent. The colors are vibrant. Easy to set up.,2025-01-13
TV0820,3.5,Amazing value for money. Sound quality is excellent. Picture quality is amazing.,2024-11-30
TV1098,3.5,Smart interface works smoothly. Picture quality is amazing. The colors are vibrant.,2024-10-31
LP1145,3.5,Runs all my applications smoothly. Display is crystal clear. Battery life is excellent.,2024-12-25
TV1524,3.0,Customer support is terrible.,2024-09-05
LP0178,4.0,Build quality is excellent.,2024-09-28
SP0248,4.5,Great build quality. Amazing value for money.,2025-01-17
LP1372,3.0,Screen has backlight bleeding. Runs hot under load. Keyboard started malfunctioning.,2024-09-05
SP0045,5.0,Face recognition works perfectly. Performance is snappy.,2024-09-12
LP1168,3.0,Trackpad is unresponsive. Screen has backlight bleeding. Battery dies quickly.,2025-01-28
SP1651,4.5,Fast charging is great. Performance is snappy. Amazing value for money.,2024-12-18
TV1528,3.5,Easy to set up.,2024-09-23
LP0536,4.0,Stays cool under heavy load. Keyboard feels premium.,2024-10-22
SPK0519,4.0,Sound quality is amazing. Portable and lightweight.,2025-02-17
SPK0196,3.0,Not loud enough.,2024-09-06
LP1147,4.0,Build quality is excellent. Display is crystal clear.,2024-12-11
LP0758,4.5,Display is crystal clear.,2024-10-01
TV1159,5.0,Picture quality is amazing.,2024-10-22
SP1025,4.5,Great build quality. Performance is snappy. Fast charging is great.,2024-10-10
TV1107,3.0,Remote control stopped working.,2025-02-11
LP1180,5.0,Great performance for the price.,2025-01-09
LP0862,4.5,Battery life is excellent. Runs all my applications smoothly.,2024-09-05
LP2000,5.0,Stays cool under heavy load. Battery life is excellent. Runs all my applications smoothly.,2024-10-31
LP1485,4.5,Great performance for the price.,2025-01-18
SP1618,5.0,Amazing value for money.,2024-08-30
LP1698,3.0,Trackpad is unresponsive. Battery dies quickly.,2025-01-19
SPK1426,3.0,Sound quality is mediocre. Bass is weak.,2024-10-22
LP0470,4.5,Display is crystal clear. Stays cool under heavy load.,2024-10-27
SPK0604,4.5,Clear audio at high volumes. Easy to pair with devices. Perfect for parties.,2024-08-31
TV1701,4.0,Great smart features. Amazing value for money. Easy to set up.,2024-11-11
LP1335,5.0,Build quality is excellent.,2024-12-01
TV1012,4.0,Smart interface works smoothly. Perfect for my living room.,2025-01-27
SPK0171,3.5,Build quality is solid. Sound quality is amazing. Portable and lightweight.,2024-11-15
SP0852,3.5,Face recognition works perfectly. Battery lasts all day.,2024-11-29
SP1114,4.5,Amazing value for money.,2025-01-10
SPK1339,5.0,Sound quality is amazing.,2025-01-18
LP0176,3.5,Display is crystal clear. Stays cool under heavy load.,2024-10-22
SP0230,4.0,Camera quality is outstanding. Screen is beautiful. Amazing value for money.,2024-10-20
SPK1121,3.5,Sound quality is amazing. Easy to pair with devices.,2025-02-18
SPK0015,4.5,Build quality is solid.,2024-10-05
SPK0210,4.0,Perfect for parties.,2025-01-05
SPK1897,3.5,Build quality is solid.,2024-09-30
LP1792,4.0,Stays cool under heavy load. Great performance for the price. Battery life is excellent.,2025-01-02
LP1282,4.5,Great performance for the price. Display is crystal clear.,2025-02-04
TV0992,3.0,Screen developed dead pixels. Poor viewing angles. Remote control stopped working.,2024-09-06
LP1991,4.0,Keyboard feels premium. Great performance for the price. Runs all my applications smoothly.,2024-12-02
LP1129,5.0,Great performance for the price. Stays cool under heavy load. Build quality is excellent.,2024-12-30
SP0351,3.5,Amazing value for money. Great build quality.,2025-01-04
TV0640,3.5,Picture quality is amazing.,2024-09-20
SPK0610,3.0,Sound quality is mediocre.,2024-12-07
TV0719,5.0,Perfect for my living room. Great smart features. Picture quality is amazing.,2024-12-14
SPK0827,3.5,Perfect for parties. Great bass response.,2024-10-20
TV0816,4.5,Amazing value for money.,2024-09-27
TV0204,4.5,Easy to set up. Amazing value for money.,2025-01-09
LP1540,4.0,Stays cool under heavy load. Display is crystal clear. Keyboard feels premium.,2025-02-01
LP1160,4.0,Keyboard feels premium. Perfect for work and gaming. Build quality is excellent.,2024-12-06
SP1867,3.5,Face recognition works perfectly. Screen is beautiful. Great build quality.,2024-12-06
SPK0284,4.0,Portable and lightweight.,2024-10-02
SP0060,4.5,Performance is snappy.,2024-10-22
LP1726,3.5,Display is crystal clear.,2024-09-16
SPK0482,3.5,Build quality is solid. Easy to pair with devices.,2025-01-13
LP0515,3.0,Trackpad is unresponsive.,2024-09-06
TV1475,4.0,Picture quality is amazing.,2024-08-27
SPK0685,4.0,Easy to pair with devices. Clear audio at high volumes. Build quality is solid.,2025-02-15
TV1703,3.5,Amazing value for money.,2024-10-06
TV1670,2.5,Smart features are laggy.,2024-11-03
TV0465,5.0,Amazing value for money. Sound quality is excellent.,2025-01-03
LP0068,4.0,Battery life is excellent.,2025-02-11
SP1913,4.5,Face recognition works perfectly.,2024-09-08
LP0758,3.5,Display is crystal clear. Battery life is excellent.,2024-09-12
SP0690,4.5,Fast charging is great.,2024-11-10
TV1146,2.5,WiFi connectivity issues.,2024-09-11
SP1112,5.0,Face recognition works perfectly.,2025-02-22
SP1452,3.0,Camera quality is poor. Battery drains quickly.,2025-01-29
TV0151,3.5,Perfect for my living room. Amazing value for money. Sound quality is excellent.,2024-11-30
SP0803,3.5,Battery lasts all day. Camera quality is outstanding. Screen is beautiful.,2024-10-24
LP0714,3.5,Battery life is excellent. Great performance for the price. Perfect for work and gaming.,2024-10-26
LP1365,5.0,Perfect for work and gaming. Stays cool under heavy load.,2024-12-10
SP0735,3.0,Touch screen issues. Not worth the price.,2025-01-08
LP0309,3.5,Great performance for the price. Stays cool under heavy load. Build quality is excellent.,2025-01-23
TV1955,4.0,Picture quality is amazing. Great smart features.,2024-09-19
SP1552,4.0,Screen is beautiful.,2024-11-11
SP0359,4.0,Fast charging is great.,2025-01-25
TV0697,4.0,Easy to set up.,2024-09-03
LP1280,4.5,Runs all my applications smoothly. Great performance for the price.,2024-10-17
TV0330,3.5,Perfect for my living room. Picture quality is amazing.,2024-09-20
SP0319,4.0,Amazing value for money. Camera quality is outstanding. Face recognition works perfectly.,2024-11-22
SP0037,3.5,Battery lasts all day.,2024-11-23
LP1138,4.0,Stays cool under heavy load.,2024-12-30
LP1147,3.0,Runs hot under load. Keyboard started malfunctioning.,2024-09-26
LP1222,3.5,Display is crystal clear.,2025-01-31
SPK1560,4.5,Sound quality is amazing. Perfect for parties. Portable and lightweight.,2024-12-13
LP1563,4.5,Battery life is excellent. Build quality is excellent. Runs all my applications smoothly.,2025-01-15
LP1414,4.5,Keyboard feels premium.,2024-09-20
TV1035,5.0,Perfect for my living room. Smart interface works smoothly.,2025-02-09
SPK0281,3.0,Charging port stopped working. Poor build quality. Not loud enough.,2024-11-06
SP0547,4.5,Amazing value for money. Great build quality.,2024-12-11
LP1993,4.5,Keyboard feels premium.,2024-10-28
SPK0339,3.5,Build quality is solid. Sound quality is amazing. Perfect for parties.,2024-10-28
TV1267,3.5,Smart interface works smoothly.,2024-11-14
SPK1301,4.0,Battery life is excellent.,2024-11-08
SPK0564,4.5,Portable and lightweight.,2024-09-29
LP0007,3.5,Keyboard feels premium.,2025-01-29
LP0055,3.5,Stays cool under heavy load.,2024-09-17
LP1716,4.0,Great performance for the price. Runs all my applications smoothly.,2024-10-24
LP1666,2.5,Keyboard started malfunctioning. Screen has backlight bleeding.,2024-11-24
LP1116,4.0,Display is crystal clear.,2024-12-03
LP1410,4.5,Runs all my applications smoothly.,2024-10-16
TV1035,4.0,Amazing value for money. Great smart features. Easy to set up.,2024-11-05
SPK1544,4.5,Sound quality is amazing. Portable and lightweight.,2024-09-08
SP1998,3.0,Poor signal reception. Not worth the price.,2024-12-19
LP1144,4.5,Great performance for the price.,2025-01-18
LP1546,4.5,Runs all my applications smoothly. Stays cool under heavy load.,2024-11-20
LP1073,3.5,Stays cool under heavy load. Runs all my applications smoothly. Great performance for the price.,2025-01-19
SP1659,5.0,Camera quality is outstanding.,2024-11-08
TV1886,2.5,Smart features are laggy.,2024-12-03
TV1427,3.5,The colors are vibrant. Amazing value for money. Smart interface works smoothly.,2025-01-03
SPK1580,4.0,Great bass response. Perfect for parties. Build quality is solid.,2024-12-27
TV1327,4.0,Smart interface works smoothly.,2024-12-12
SPK0180,4.5,Sound quality is amazing. Great bass response.,2024-09-20
SP0236,5.0,Great build quality.,2025-02-15
LP0050,3.5,Perfect for work and gaming.,2025-01-07
LP0716,3.5,Battery life is excellent. Display is crystal clear. Build quality is excellent.,2024-11-29
TV0493,3.5,Sound quality is excellent.,2024-12-31
LP1805,4.0,Keyboard feels premium. Runs all my applications smoothly. Great performance for the price.,2025-01-07
SPK0034,4.5,Great bass response.,2025-01-01
LP0457,4.5,Display is crystal clear. Battery life is excellent. Keyboard feels premium.,2024-10-04
LP1439,3.5,Keyboard feels premium.,2024-12-10
SPK1876,4.5,Sound quality is amazing. Perfect for parties.,2025-01-20
SPK0771,4.5,Perfect for parties.,2025-01-06
SP1095,4.5,Great build quality.,2024-11-12
TV1623,3.0,Smart features are laggy. Started flickering after few months. Sound quality is disappointing.,2024-10-26
SP1108,3.5,Fast charging is great. Camera quality is outstanding. Face recognition works perfectly.,2025-01-15
SPK0281,4.0,Portable and lightweight. Battery life is excellent.,2025-01-07
SP0752,5.0,Fast charging is great.,2024-12-29
LP0113,3.5,Great performance for the price.,2024-09-14
SPK0265,4.5,Perfect for parties.,2024-09-29
TV1390,3.5,The colors are vibrant.,2025-02-02
SPK1624,4.5,Build quality is solid.,2024-12-03
LP0630,5.0,Great performance for the price. Display is crystal clear. Battery life is excellent.,2025-01-06
SPK1580,4.0,Portable and lightweight. Clear audio at high volumes.,2025-02-01
TV1092,4.5,Sound quality is excellent. Great smart features.,2024-11-16
SP1420,3.5,Face recognition works perfectly.,2025-01-14
LP1588,3.5,Battery life is excellent.,2025-01-11
SP0314,4.0,Performance is snappy. Screen is beautiful.,2024-09-15
SPK1213,4.0,Build quality is solid. Easy to pair with devices.,2024-11-12
LP1048,4.5,Battery life is excellent. Build quality is excellent.,2024-10-09
TV0183,4.0,Great smart features. Perfect for my living room.,2024-12-10
LP0168,5.0,Perfect for work and gaming.,2024-10-03
SP1693,4.0,Camera quality is outstanding. Fast charging is great. Great build quality.,2024-11-10
LP1056,3.5,Perfect for work and gaming. Display is crystal clear. Stays cool under heavy load.,2025-02-14
LP1332,3.5,Keyboard feels premium.,2024-09-02
SPK1281,5.0,Battery life is excellent. Easy to pair with devices. Sound quality is amazing.,2024-09-12
LP0881,5.0,Stays cool under heavy load. Build quality is excellent. Battery life is excellent.,2025-01-19
LP0008,5.0,Display is crystal clear. Perfect for work and gaming.,2024-11-22
SP0248,3.5,Battery lasts all day. Fast charging is great.,2025-01-21
SP0118,5.0,Camera quality is outstanding. Screen is beautiful.,2025-02-22
LP1583,3.0,Battery dies quickly. Screen has backlight bleeding.,2024-09-16
SPK0838,4.5,Great bass response. Sound quality is amazing. Clear audio at high volumes.,2024-11-19
SP1608,4.5,Camera quality is outstanding. Face recognition works perfectly.,2025-01-05
TV0574,4.0,Sound quality is excellent. Perfect for my living room. Easy to set up.,2025-02-14
LP0714,5.0,Battery life is excellent. Great performance for the price.,2025-02-16
SP1295,4.0,Amazing value for money. Performance is snappy. Camera quality is outstanding.,2024-11-17
SPK0320,4.5,Great bass response. Easy to pair with devices. Battery life is excellent.,2024-11-15
SPK1097,4.0,Perfect for parties. Easy to pair with devices.,2024-10-29
LP0194,4.0,Great performance for the price. Perfect for work and gaming. Display is crystal clear.,2025-02-22
TV1802,3.5,The colors are vibrant. Smart interface works smoothly.,2024-09-16
SPK1825,4.5,Perfect for parties. Build quality is solid. Portable and lightweight.,2024-09-22
TV0310,4.0,Great smart features.,2024-11-01
SP1495,3.5,Performance is snappy. Amazing value for money.,2024-10-23
SPK1956,3.5,Portable and lightweight. Clear audio at high volumes. Battery life is excellent.,2025-02-10
SP1393,4.0,Screen is beautiful. Fast charging is great. Great build quality.,2024-11-24
LP1968,3.5,Great performance for the price.,2024-10-22
TV0676,4.0,Picture quality is amazing. The colors are vibrant. Perfect for my living room.,2024-12-19
SP0888,3.0,Touch screen issues.,2025-01-28
TV0936,4.0,Great smart features. The colors are vibrant. Easy to set up.,2024-10-03
SPK0994,3.0,Battery dies quickly. Distorts at high volume.,2024-12-19
LP1993,4.0,Keyboard feels premium.,2024-11-21
SP0219,3.0,Battery drains quickly.,2024-11-10
SPK0990,4.0,Perfect for parties. Easy to pair with devices. Great bass response.,2025-02-18
SPK1876,4.5,Portable and lightweight.,2025-01-03
LP1356,4.0,Runs all my applications smoothly. Keyboard feels premium. Great performance for the price.,2025-02-10
TV1957,3.0,Sound quality is disappointing. Smart features are laggy. WiFi connectivity issues.,2025-02-10
SPK0819,3.0,Battery dies quickly.,2025-02-07
TV0427,3.5,Smart interface works smoothly. Perfect for my living room.,2024-11-12
LP0055,3.0,Screen has backlight bleeding. Keyboard started malfunctioning.,2024-09-20
SPK1281,5.0,Portable and lightweight. Easy to pair with devices.,2024-12-29
SP1192,4.5,Battery lasts all day.,2025-01-02
SPK0845,4.0,Great bass response.,2025-01-15
LP0407,3.5,Runs all my applications smoothly. Stays cool under heavy load. Build quality is excellent.,2024-10-18
SP0812,4.0,Fast charging is great. Battery lasts all day. Face recognition works perfectly.,2025-02-03
SP0036,3.5,Performance is snappy.,2024-10-10
SP1437,3.5,Fast charging is great. Performance is snappy. Great build quality.,2024-12-25
LP0068,3.5,Build quality is excellent.,2024-10-29
TV0215,3.0,Remote control stopped working. Screen developed dead pixels. WiFi connectivity issues.,2024-12-23
LP0333,4.5,Keyboard feels premium. Great performance for the price. Battery life is excellent.,2024-10-19
TV1105,4.0,Smart interface works smoothly. Sound quality is excellent. Easy to set up.,2025-01-20
SPK0839,3.5,Sound quality is amazing. Build quality is solid.,2024-11-08
SPK0684,4.0,Great bass response.,2024-10-07
SPK0951,4.0,Portable and lightweight.,2024-09-26
LP1567,3.0,Trackpad is unresponsive.,2024-12-18
SPK1820,5.0,Build quality is solid. Perfect for parties. Easy to pair with devices.,2024-10-25
LP1335,3.5,Runs all my applications smoothly. Stays cool under heavy load. Display is crystal clear.,2024-10-07
LP1666,3.0,Runs hot under load.,2025-01-28
SPK1288,4.5,Perfect for parties. Sound quality is amazing. Battery life is excellent.,2024-09-22
LP0358,3.0,Screen has backlight bleeding. Fan is very noisy.,2025-02-03
SP1913,3.5,Performance is snappy. Amazing value for money. Battery lasts all day.,2025-02-08
TV1061,4.5,Perfect for my living room. Smart interface works smoothly. Sound quality is excellent.,2025-01-19
SPK0187,5.0,Perfect for parties. Easy to pair with devices.,2024-11-29
TV0791,5.0,Picture quality is amazing. Sound quality is excellent. Easy to set up.,2024-11-01
LP1432,4.5,Display is crystal clear. Keyboard feels premium. Great performance for the price.,2024-12-30
TV1524,3.0,Remote control stopped working.,2024-12-23
TV0261,4.0,Amazing value for money.,2024-09-04
SP0244,4.0,Amazing value for money. Great build quality. Camera quality is outstanding.,2025-01-15
LP1783,4.5,Stays cool under heavy load. Great performance for the price.,2024-09-06
SP1650,3.0,Battery drains quickly. Touch screen issues. Not worth the price.,2024-11-04
TV1327,4.5,Smart interface works smoothly. The colors are vibrant.,2024-08-26
SP1492,5.0,Performance is snappy. Great build quality. Battery lasts all day.,2025-02-16
SPK0507,3.0,Charging port stopped working. Bluetooth connection drops. Poor build quality.,2025-01-19
LP0161,4.5,Battery life is excellent. Great performance for the price. Keyboard feels premium.,2024-09-24
SPK1080,3.5,Clear audio at high volumes.,2024-12-10
TV1914,4.0,Picture quality is amazing. Smart interface works smoothly.,2025-01-27
LP0415,3.5,Runs all my applications smoothly.,2024-09-15
TV0614,3.0,Customer support is terrible. Remote control stopped working.,2024-11-02
SPK0522,3.0,Bass is weak.,2024-10-12
SPK0490,4.5,Clear audio at high volumes. Easy to pair with devices.,2025-01-03
LP0603,4.0,Perfect for work and gaming. Keyboard feels premium.,2024-09-25
TV0272,4.0,Easy to set up. Sound quality is excellent.,2024-09-01
SPK0743,3.5,Clear audio at high volumes. Sound quality is amazing.,2025-02-10
SPK0082,4.0,Perfect for parties.,2024-09-05
SPK0608,5.0,Build quality is solid.,2024-12-22
LP1470,4.5,Build quality is excellent.,2024-12-07
SPK0398,5.0,Perfect for parties. Great bass response.,2025-01-21
SP1923,3.0,Overheats while charging.,2024-12-17
LP1392,5.0,Build quality is excellent. Great performance for the price.,2025-02-16
SP1196,3.5,Amazing value for money. Camera quality is outstanding.,2025-01-04
TV1578,4.5,Picture quality is amazing. Great smart features.,2024-09-11
LP0326,4.0,Stays cool under heavy load.,2025-02-08
TV0578,4.5,Amazing value for money.,2024-12-28
SPK0926,4.5,Portable and lightweight. Clear audio at high volumes. Sound quality is amazing.,2024-10-06
TV1626,3.0,Screen developed dead pixels. Sound quality is disappointing.,2024-10-06
LP1163,4.5,Runs all my applications smoothly. Great performance for the price.,2024-08-28
LP1947,3.5,Battery life is excellent. Perfect for work and gaming.,2024-09-10
TV1962,4.5,Smart interface works smoothly. Picture quality is amazing.,2024-11-01
SP0514,4.0,Battery lasts all day.,2024-10-19
SPK0335,3.0,Bluetooth connection drops. Not loud enough.,2025-01-01
SPK1368,4.0,Great bass response. Easy to pair with devices.,2025-02-02
LP0304,5.0,Stays cool under heavy load. Build quality is excellent.,2024-11-22
LP1144,3.5,Perfect for work and gaming. Keyboard feels premium. Great performance for the price.,2024-12-15
TV1157,4.0,Perfect for my living room.,2025-01-10
SPK0994,4.5,Clear audio at high volumes.,2024-12-18
TV1809,3.5,Great smart features. The colors are vibrant. Perfect for my living room.,2024-09-07
LP1540,4.0,Keyboard feels premium.,2024-11-02
LP0302,4.0,Perfect for work and gaming. Stays cool under heavy load.,2024-11-18
SPK1530,5.0,Easy to pair with devices. Build quality is solid.,2025-01-27
SP1387,3.5,Face recognition works perfectly.,2024-11-22
SP1693,4.5,Great build quality. Performance is snappy. Battery lasts all day.,2024-09-04
SPK0730,4.0,Portable and lightweight. Easy to pair with devices. Clear audio at high volumes.,2024-11-14
LP1478,5.0,Battery life is excellent. Display is crystal clear. Perfect for work and gaming.,2024-11-16
SP1015,3.0,Not worth the price. Touch screen issues. Poor signal reception.,2025-01-26
SPK0489,3.0,Poor build quality. Charging port stopped working. Bluetooth connection drops.,2024-09-22
SP1994,5.0,Performance is snappy. Fast charging is great.,2024-12-25
LP1769,3.5,Battery life is excellent. Stays cool under heavy load. Great performance for the price.,2025-01-08
TV1803,3.5,Smart interface works smoothly. Easy to set up.,2024-12-25
LP0790,4.0,Battery life is excellent. Great performance for the price.,2025-01-15
SPK0056,5.0,Perfect for parties. Portable and lightweight.,2024-11-23
SP0351,3.5,Battery lasts all day.,2025-02-14
LP0726,4.5,Runs all my applications smoothly.,2024-12-19
SP0777,3.5,Fast charging is great. Screen is beautiful. Battery lasts all day.,2024-09-14
LP0189,3.5,Stays cool under heavy load. Runs all my applications smoothly. Build quality is excellent.,2025-01-30
SPK0384,4.5,Portable and lightweight. Clear audio at high volumes. Build quality is solid.,2024-11-26
LP1878,3.5,Stays cool under heavy load. Perfect for work and gaming. Display is crystal clear.,2024-11-04
LP0302,4.0,Display is crystal clear. Battery life is excellent.,2024-11-14
LP1587,4.0,Battery life is excellent.,2025-02-12
TV1986,4.0,Sound quality is excellent. Amazing value for money. Smart interface works smoothly.,2024-11-19
SP1333,3.5,Performance is snappy.,2024-11-20
LP1860,4.5,Stays cool under heavy load. Great performance for the price.,2024-09-09
SPK0977,4.0,Great bass response.,2025-01-20
LP0665,4.0,Display is crystal clear. Stays cool under heavy load.,2025-01-05
SP1295,4.0,Great build quality. Performance is snappy. Fast charging is great.,2024-11-26
SP1645,4.5,Fast charging is great. Face recognition works perfectly.,2024-11-12
SPK1897,3.0,Distorts at high volume. Battery dies quickly. Sound quality is mediocre.,2024-11-18
SP1174,5.0,Great build quality.,2024-09-02
SPK1405,4.0,Great bass response. Clear audio at high volumes.,2024-09-08
LP0018,4.5,Display is crystal clear. Great performance for the price. Battery life is excellent.,2025-01-11
SPK1508,5.0,Portable and lightweight. Build quality is solid.,2024-10-02
SPK1379,4.5,Build quality is solid. Portable and lightweight. Easy to pair with devices.,2024-12-12
SP0429,3.5,Battery lasts all day. Great build quality.,2024-09-24
TV0417,4.5,Smart interface works smoothly. The colors are vibrant. Picture quality is amazing.,2025-02-03
SP0258,3.5,Battery lasts all day. Great build quality. Camera quality is outstanding.,2025-01-17
SP0045,3.5,Fast charging is great.,2024-12-28
TV1634,3.0,Customer support is terrible. Started flickering after few months. Screen developed dead pixels.,2025-01-15
SP1416,4.5,Face recognition works perfectly.,2025-02-15
SPK0937,4.0,Build quality is solid. Great bass response.,2025-02-03
TV1191,3.5,Great smart features.,2024-12-13
SP0230,4.5,Screen is beautiful. Face recognition works perfectly. Camera quality is outstanding.,2024-09-12
TV1255,3.5,Amazing value for money.,2025-01-06
LP0444,3.5,Great performance for the price. Battery life is excellent.,2024-12-15
SPK1791,3.5,Sound quality is amazing. Perfect for parties. Easy to pair with devices.,2024-09-07
LP1240,4.5,Runs all my applications smoothly.,2024-10-10
SPK1732,5.0,Great bass response.,2024-11-11
SP0351,3.0,Software is buggy. Not worth the price. Camera quality is poor.,2024-08-26
TV1631,3.5,Great smart features. Smart interface works smoothly. Easy to set up.,2024-10-26
SP1711,3.0,Software is buggy.,2024-12-23
LP0410,4.5,Great performance for the price.,2024-09-01
TV0204,3.5,Easy to set up. Amazing value for money. Sound quality is excellent.,2024-10-01
SPK0225,3.5,Build quality is solid.,2024-10-27
SP1575,4.0,Battery lasts all day.,2024-09-05
TV0924,4.0,Smart interface works smoothly. Perfect for my living room. Easy to set up.,2024-09-04
LP1778,4.5,Stays cool under heavy load. Battery life is excellent.,2024-08-28
TV1848,4.0,The colors are vibrant. Sound quality is excellent. Easy to set up.,2024-09-19
LP0376,3.0,Runs hot under load.,2025-02-12
SPK1210,4.0,Sound quality is amazing. Perfect for parties.,2024-09-10
TV0431,4.5,Easy to set up. Smart interface works smoothly. Picture quality is amazing.,2025-01-03
SP1268,4.0,Screen is beautiful.,2024-09-21
TV1267,3.0,Smart features are laggy. Customer support is terrible. Started flickering after few months.,2024-08-27
TV0624,3.5,Smart interface works smoothly. Great smart features.,2024-12-16
SPK0485,4.5,Great bass response. Build quality is solid.,2024-10-24
SP1937,4.5,Face recognition works perfectly. Screen is beautiful.,2025-02-22
SPK0755,4.0,Easy to pair with devices. Portable and lightweight.,2024-09-07
TV0537,3.0,Started flickering after few months. WiFi connectivity issues.,2024-11-09
SP1403,4.0,Face recognition works perfectly. Fast charging is great. Battery lasts all day.,2024-12-23
SPK1828,4.0,Easy to pair with devices. Perfect for parties. Battery life is excellent.,2024-12-08
LP1184,4.5,Runs all my applications smoothly.,2024-08-31
SPK0730,4.5,Clear audio at high volumes. Great bass response. Portable and lightweight.,2024-10-13
SP1148,4.0,Camera quality is outstanding.,2025-01-27
SP0209,4.0,Fast charging is great.,2024-09-19
TV0184,3.5,Perfect for my living room.,2025-01-02
LP1899,4.0,Battery life is excellent. Great performance for the price. Keyboard feels premium.,2025-02-13
SPK0546,4.5,Battery life is excellent.,2025-02-05
SPK0115,3.5,Battery life is excellent.,2024-09-27
LP1147,4.0,Perfect for work and gaming. Great performance for the price. Build quality is excellent.,2024-10-12
LP0985,4.5,Stays cool under heavy load. Display is crystal clear. Build quality is excellent.,2025-02-01
TV0458,4.0,Amazing value for money. Easy to set up.,2024-12-18
SP0674,4.5,Camera quality is outstanding.,2024-09-26
LP1766,4.0,Great performance for the price.,2024-11-03
TV1549,4.0,The colors are vibrant.,2025-01-02
LP0549,5.0,Stays cool under heavy load. Display is crystal clear.,2024-12-26
LP0548,4.0,Great performance for the price. Perfect for work and gaming.,2025-01-20
SP1153,3.5,Battery lasts all day. Camera quality is outstanding. Great build quality.,2024-10-20
SPK1779,4.0,Battery life is excellent. Sound quality is amazing. Perfect for parties.,2024-09-13
TV1914,4.5,Smart interface works smoothly.,2024-09-26
SP0279,4.5,Camera quality is outstanding. Great build quality.,2024-12-24
SP0834,4.0,Screen is beautiful.,2025-02-06
SP1086,4.5,Amazing value for money. Camera quality is outstanding.,2024-12-15
SPK1646,3.5,Portable and lightweight. Great bass response. Clear audio at high volumes.,2025-02-10
SPK1324,3.5,Sound quality is amazing.,2025-02-15
TV0640,4.5,Sound quality is excellent. Easy to set up.,2024-11-29
SPK1128,4.5,Great bass response. Clear audio at high volumes. Portable and lightweight.,2025-01-10
LP1310,3.5,Runs all my applications smoothly. Display is crystal clear.,2024-10-25
LP0751,3.5,Great performance for the price.,2024-12-23
SPK0844,3.5,Clear audio at high volumes. Easy to pair with devices. Battery life is excellent.,2025-01-03
LP1663,3.0,Slow boot times. Fan is very noisy.,2024-10-19
SPK1800,4.0,Great bass response.,2025-02-21
SPK0479,5.0,Great bass response.,2024-11-18
SPK1285,4.5,Great bass response.,2025-02-04
SPK0082,4.0,Perfect for parties.,2025-01-07
LP0970,4.0,Great performance for the price. Stays cool under heavy load.,2025-01-22
SPK0111,5.0,Perfect for parties. Great bass response.,2024-11-22
LP0889,4.0,Keyboard feels premium. Display is crystal clear. Battery life is excellent.,2024-12-29
TV0065,4.5,Perfect for my living room.,2024-09-04
SPK1508,3.5,Great bass response. Easy to pair with devices. Portable and lightweight.,2024-10-12
LP0238,4.0,Perfect for work and gaming. Display is crystal clear.,2025-02-01
SPK1795,3.0,Bluetooth connection drops. Sound quality is mediocre.,2025-01-15
SPK0450,4.0,Build quality is solid. Easy to pair with devices. Sound quality is amazing.,2025-01-09
SPK0305,5.0,Great bass response. Clear audio at high volumes.,2025-01-25
LP0781,3.5,Battery life is excellent.,2025-02-05
SPK0677,3.5,Great bass response. Perfect for parties.,2024-09-26
SPK1789,4.0,Portable and lightweight.,2025-01-31
SP1278,4.0,Fast charging is great.,2025-01-17
TV0063,3.5,Perfect for my living room. Amazing value for money. Great smart features.,2024-09-18
LP0369,4.0,Perfect for work and gaming. Keyboard feels premium.,2024-10-16
SP0847,4.0,Screen is beautiful.,2024-10-01
LP0070,3.0,Runs hot under load.,2024-12-27
SPK0557,4.0,Great bass response.,2024-12-07
SPK1820,5.0,Sound quality is amazing. Build quality is solid.,2024-11-18
TV1556,3.5,Picture quality is amazing. Sound quality is excellent.,2025-02-13
SP0216,5.0,Screen is beautiful.,2025-02-01
LP0403,3.5,Keyboard feels premium. Runs all my applications smoothly.,2025-01-02
TV0513,4.5,Easy to set up. Picture quality is amazing. Smart interface works smoothly.,2024-11-17
SPK1624,4.5,Great bass response. Sound quality is amazing.,2025-02-13
LP1005,3.0,Screen has backlight bleeding. Runs hot under load. Fan is very noisy.,2024-10-10
SPK1503,4.0,Clear audio at high volumes. Battery life is excellent.,2024-10-18
SP0523,4.5,Battery lasts all day.,2024-11-02
TV1369,4.0,Amazing value for money. Great smart features. Picture quality is amazing.,2024-12-12
LP0217,4.0,Display is crystal clear. Battery life is excellent. Runs all my applications smoothly.,2025-01-06
SP1761,4.0,Camera quality is outstanding.,2025-01-04
SPK1087,4.0,Battery life is excellent.,2024-10-03
SPK0794,3.5,Battery life is excellent.,2024-10-25
TV1773,4.5,Picture quality is amazing. Easy to set up. Great smart features.,2024-09-05
SPK0977,3.5,Clear audio at high volumes. Battery life is excellent.,2024-10-03
SPK0160,4.5,Sound quality is amazing. Great bass response. Portable and lightweight.,2024-10-29
SP1551,4.0,Amazing value for money. Battery lasts all day. Camera quality is outstanding.,2025-02-04
LP0026,5.0,Stays cool under heavy load.,2025-01-19
SP1416,5.0,Great build quality.,2024-11-07
TV0354,4.5,Picture quality is amazing. Amazing value for money. Easy to set up.,2024-10-07
SP1611,5.0,Face recognition works perfectly. Great build quality. Amazing value for money.,2024-12-04
TV0679,4.0,Smart interface works smoothly.,2025-01-18
TV0932,4.5,Amazing value for money. Easy to set up. Great smart features.,2025-02-06
LP1222,4.0,Great performance for the price. Stays cool under heavy load.,2024-09-17
LP1729,4.0,Battery life is excellent. Keyboard feels premium.,2025-01-02
SPK1574,4.0,Great bass response.,2024-10-07
TV1957,5.0,Amazing value for money.,2024-11-07
SPK0049,3.5,Build quality is solid.,2024-09-19
LP1289,4.5,Display is crystal clear. Perfect for work and gaming. Stays cool under heavy load.,2024-10-10
SPK1799,4.5,Build quality is solid. Easy to pair with devices. Perfect for parties.,2024-11-17
TV0495,4.0,Sound quality is excellent. The colors are vibrant. Smart interface works smoothly.,2025-02-16
LP0386,4.5,Build quality is excellent.,2024-11-04
TV1202,4.0,Sound quality is excellent.,2024-11-07
SP0670,3.5,Camera quality is outstanding. Great build quality. Performance is snappy.,2025-01-31
SPK0226,5.0,Perfect for parties.,2024-11-02
SPK0200,4.0,Easy to pair with devices.,2024-10-19
SP1895,4.5,Amazing value for money.,2025-02-02
TV1136,3.5,Perfect for my living room. The colors are vibrant.,2024-11-23
SPK0731,4.0,Build quality is solid.,2024-09-30
SP1894,4.5,Fast charging is great.,2024-10-08
LP1600,5.0,Runs all my applications smoothly.,2024-09-25
LP1666,2.5,Runs hot under load. Fan is very noisy. Battery dies quickly.,2025-02-04
LP1430,4.0,Battery life is excellent.,2024-12-15
SP1473,3.5,Amazing value for money.,2024-09-03
SPK0811,4.5,Easy to pair with devices. Build quality is solid. Battery life is excellent.,2024-08-27
LP1209,4.5,Keyboard feels premium.,2024-11-30
TV1886,3.5,Easy to set up. Sound quality is excellent.,2025-01-23
LP1494,5.0,Stays cool under heavy load.,2024-12-02
LP1335,4.5,Display is crystal clear.,2024-11-30
SPK1050,4.5,Sound quality is amazing.,2024-10-01
SP1257,4.5,Camera quality is outstanding. Fast charging is great.,2025-01-30
SP0421,4.5,Battery lasts all day. Fast charging is great.,2024-11-09
SPK1560,4.5,Perfect for parties. Battery life is excellent. Build quality is solid.,2025-02-19
SP1192,5.0,Fast charging is great. Screen is beautiful. Great build quality.,2024-12-14
SP0787,3.5,Amazing value for money. Battery lasts all day. Face recognition works perfectly.,2024-10-31
TV0283,3.5,Great smart features.,2024-12-22
TV0814,4.0,Perfect for my living room. Picture quality is amazing. Sound quality is excellent.,2024-12-02
SP1025,4.5,Great build quality. Fast charging is great.,2024-09-20
TV1696,4.0,Perfect for my living room. Amazing value for money. Sound quality is excellent.,2024-09-04
SP0832,3.5,Battery lasts all day.,2024-11-11
SPK0173,3.5,Easy to pair with devices.,2024-09-14
LP0733,4.0,Battery life is excellent.,2024-10-27
TV1143,4.0,Picture quality is amazing. Smart interface works smoothly. Easy to set up.,2024-12-13
LP1853,4.0,Battery life is excellent. Build quality is excellent.,2024-11-18
SP0505,3.5,Face recognition works perfectly. Screen is beautiful. Battery lasts all day.,2024-12-10
TV0527,4.5,Great smart features. Perfect for my living room.,2024-12-06
SP0315,4.5,Amazing value for money.,2025-02-06
TV0263,4.0,Smart interface works smoothly. Sound quality is excellent. Perfect for my living room.,2024-12-08
SPK1529,4.5,Perfect for parties.,2024-12-14
SP0463,4.5,Fast charging is great. Performance is snappy.,2024-09-22
TV1347,4.0,Easy to set up. Great smart features. The colors are vibrant.,2024-12-18
TV1774,4.0,Sound quality is excellent. The colors are vibrant. Easy to set up.,2024-12-28
LP0590,4.0,Runs all my applications smoothly. Build quality is excellent.,2024-12-28
LP1881,3.5,Perfect for work and gaming. Keyboard feels premium.,2025-02-09
TV1626,4.0,Amazing value for money.,2024-11-08
TV0290,3.0,Poor viewing angles.,2024-09-12
TV0451,4.0,Perfect for my living room.,2025-01-20
LP2000,3.5,Stays cool under heavy load.,2024-09-06
SP0931,4.0,Fast charging is great. Performance is snappy. Great build quality.,2024-12-18
LP1180,4.0,Build quality is excellent.,2024-12-17
SP0391,4.0,Fast charging is great. Battery lasts all day.,2024-10-01
SPK0849,4.0,Battery life is excellent. Sound quality is amazing. Easy to pair with devices.,2024-10-09
SP0693,3.5,Battery lasts all day.,2024-10-12
TV0245,3.0,Started flickering after few months. Smart features are laggy.,2025-02-10
SPK1471,3.0,Not loud enough.,2024-09-28
SP0244,4.5,Screen is beautiful.,2025-01-10
TV0816,4.0,Great smart features.,2025-01-08
LP0446,4.5,Keyboard feels premium. Build quality is excellent.,2024-09-24
SPK1464,3.5,Build quality is solid. Perfect for parties. Clear audio at high volumes.,2025-01-09
SP0251,2.5,Camera quality is poor. Battery drains quickly. Not worth the price.,2025-01-08
SP0080,4.0,Face recognition works perfectly. Camera quality is outstanding. Screen is beautiful.,2024-09-10
SPK0811,4.0,Portable and lightweight. Build quality is solid.,2024-12-17
TV1229,4.5,Smart interface works smoothly. Picture quality is amazing.,2025-02-20
TV1809,4.5,Amazing value for money.,2024-10-19
TV0692,3.0,Remote control stopped working.,2024-10-04
TV1039,3.5,Great smart features. Sound quality is excellent. Amazing value for money.,2025-01-15
LP1865,5.0,Display is crystal clear.,2025-01-29
LP0925,4.0,Great performance for the price. Runs all my applications smoothly.,2025-01-19
TV0073,4.5,The colors are vibrant. Sound quality is excellent.,2025-01-25
SP0961,3.5,Battery lasts all day. Great build quality.,2024-11-19
SPK1836,5.0,Build quality is solid. Easy to pair with devices. Sound quality is amazing.,2024-09-26
SP0365,4.0,Fast charging is great. Camera quality is outstanding.,2024-10-01
TV0973,3.5,Sound quality is excellent.,2024-10-15
TV0800,3.5,Sound quality is excellent. Picture quality is amazing.,2024-10-18
TV0815,3.5,Picture quality is amazing. Great smart features. The colors are vibrant.,2024-10-09
TV0065,4.5,The colors are vibrant. Amazing value for money.,2024-12-05
TV1999,3.5,Easy to set up.,2025-01-04
TV1723,3.0,Customer support is terrible. Started flickering after few months. Screen developed dead pixels.,2025-01-23
SPK0483,4.0,Perfect for parties. Sound quality is amazing.,2024-08-28
SP1400,4.5,Battery lasts all day. Fast charging is great.,2025-01-28
SPK0234,3.5,Great bass response. Perfect for parties.,2024-10-24
LP0673,3.5,Build quality is excellent. Battery life is excellent.,2024-12-30
SP1042,3.5,Great build quality. Screen is beautiful. Amazing value for money.,2024-11-23
LP0420,4.0,Build quality is excellent. Display is crystal clear. Runs all my applications smoothly.,2024-12-11
SPK1444,3.5,Clear audio at high volumes. Build quality is solid.,2025-01-04
SP0097,3.5,Camera quality is outstanding. Performance is snappy.,2025-01-05
SPK0946,4.5,Portable and lightweight. Battery life is excellent. Easy to pair with devices.,2024-12-05
SPK0728,3.0,Battery dies quickly. Not loud enough.,2024-11-23
SP1350,3.5,Great build quality.,2025-01-15
LP1925,4.5,Battery life is excellent.,2024-10-08
SPK0332,5.0,Easy to pair with devices. Battery life is excellent.,2024-11-15
SP1927,4.5,Screen is beautiful.,2024-12-01
SP0561,4.5,Battery lasts all day. Performance is snappy.,2024-10-24
LP1572,4.5,Great performance for the price. Display is crystal clear.,2024-11-30
LP1860,3.5,Runs all my applications smoothly. Great performance for the price. Display is crystal clear.,2024-11-16
SP1722,4.0,Battery lasts all day.,2024-10-28
LP0182,4.5,Keyboard feels premium.,2025-02-09
TV0267,2.5,Remote control stopped working.,2025-02-10
LP0781,4.0,Display is crystal clear. Perfect for work and gaming.,2024-11-07
SPK0636,4.0,Build quality is solid.,2024-10-18
SPK0666,4.0,Perfect for parties.,2025-01-15
TV1118,4.0,Sound quality is excellent.,2024-12-09
SP0236,3.0,Touch screen issues.,2025-01-20
SP0876,4.0,Fast charging is great. Great build quality.,2025-01-21
SPK0265,4.5,Great bass response. Sound quality is amazing. Perfect for parties.,2024-10-11
LP0029,5.0,Stays cool under heavy load.,2024-10-18
SP1452,4.5,Great build quality.,2024-11-17
LP0079,4.0,Stays cool under heavy load.,2025-01-26
TV1113,4.0,The colors are vibrant.,2024-11-21
SPK0703,3.5,Great bass response.,2024-10-22
SPK1322,4.0,Easy to pair with devices. Great bass response. Battery life is excellent.,2024-10-24
SP0099,3.0,Not worth the price. Touch screen issues.,2024-11-01
SPK0531,4.0,Portable and lightweight.,2024-10-26
SP0251,5.0,Face recognition works perfectly. Performance is snappy.,2024-11-01
SP0317,5.0,Amazing value for money.,2025-02-03
SPK1133,4.5,Battery life is excellent.,2024-10-08
SP0351,3.5,Amazing value for money. Battery lasts all day. Face recognition works perfectly.,2025-01-30
SPK0562,5.0,Battery life is excellent.,2024-10-09
TV1581,5.0,Great smart features. The colors are vibrant.,2024-09-15
SPK1028,4.0,Portable and lightweight. Sound quality is amazing.,2025-02-04
TV0277,5.0,Smart interface works smoothly. Perfect for my living room.,2024-08-27
SPK1455,4.0,Perfect for parties. Battery life is excellent.,2024-08-27
SP1314,4.0,Battery lasts all day. Great build quality. Amazing value for money.,2024-10-14
LP1835,3.5,Battery life is excellent. Keyboard feels premium.,2024-09-02
SPK0844,3.5,Perfect for parties. Easy to pair with devices. Battery life is excellent.,2024-12-16
LP1160,4.5,Stays cool under heavy load. Battery life is excellent. Keyboard feels premium.,2024-11-30
TV0940,4.5,The colors are vibrant.,2025-01-31
TV1957,4.5,Amazing value for money. Perfect for my living room. Sound quality is excellent.,2025-01-18
TV1553,4.0,Sound quality is excellent. Picture quality is amazing.,2025-01-23
SPK0034,4.5,Great bass response.,2024-10-10
TV1118,5.0,Easy to set up. Picture quality is amazing.,2025-01-02
SPK1943,4.0,Easy to pair with devices.,2024-09-08
LP1733,4.0,Battery life is excellent. Display is crystal clear.,2024-08-31
LP1665,3.5,Keyboard feels premium.,2024-11-16
LP1632,4.0,Build quality is excellent.,2025-01-30
LP0593,4.0,Runs all my applications smoothly.,2024-11-13
SP1466,4.0,Amazing value for money.,2024-10-04
TV1887,5.0,Amazing value for money. Great smart features.,2024-12-15
LP1903,4.5,Display is crystal clear.,2025-01-12
TV0741,3.5,Picture quality is amazing. The colors are vibrant. Amazing value for money.,2024-11-10
SP1707,4.0,Performance is snappy.,2024-09-29
SP1230,4.5,Fast charging is great. Camera quality is outstanding. Battery lasts all day.,2024-12-26
TV0699,3.5,The colors are vibrant. Great smart features. Sound quality is excellent.,2024-11-12
SPK0584,3.5,Great bass response. Battery life is excellent. Perfect for parties.,2024-11-04
LP0515,4.0,Runs all my applications smoothly. Keyboard feels premium.,2025-01-22
SPK1598,4.0,Battery life is excellent. Build quality is solid.,2025-01-07
TV0676,4.0,Great smart features. Perfect for my living room.,2025-02-11
SP0229,3.5,Fast charging is great.,2024-08-31
TV1534,4.0,Perfect for my living room. The colors are vibrant. Picture quality is amazing.,2024-10-19
SP1193,4.5,Camera quality is outstanding. Battery lasts all day. Screen is beautiful.,2025-01-06
SPK0506,4.5,Easy to pair with devices. Battery life is excellent. Clear audio at high volumes.,2025-02-19
SP0054,5.0,Fast charging is great. Screen is beautiful.,2024-10-01
LP0917,3.0,Slow boot times. Fan is very noisy.,2024-09-17
LP0055,4.5,Build quality is excellent. Great performance for the price. Display is crystal clear.,2024-09-19
SPK1662,4.5,Great bass response. Build quality is solid.,2024-10-07
LP1482,3.5,Stays cool under heavy load. Perfect for work and gaming. Keyboard feels premium.,2025-02-10
SPK1421,5.0,Sound quality is amazing. Clear audio at high volumes. Great bass response.,2024-11-08
TV0664,5.0,Picture quality is amazing.,2024-12-23
LP1977,4.0,Great performance for the price. Keyboard feels premium. Perfect for work and gaming.,2024-12-31
SPK1697,4.0,Clear audio at high volumes. Portable and lightweight. Battery life is excellent.,2025-01-07
LP0708,4.5,Battery life is excellent. Display is crystal clear.,2024-12-02
SPK1898,5.0,Portable and lightweight. Build quality is solid. Easy to pair with devices.,2024-12-22
LP1875,4.0,Stays cool under heavy load. Display is crystal clear. Great performance for the price.,2025-01-23
SP0081,3.5,Screen is beautiful. Great build quality. Amazing value for money.,2024-09-05
SPK0538,3.5,Clear audio at high volumes. Perfect for parties. Battery life is excellent.,2025-01-07
SPK0074,3.5,Easy to pair with devices. Sound quality is amazing.,2025-01-17
LP0560,4.0,Runs all my applications smoothly. Battery life is excellent.,2024-11-09
LP0934,2.5,Trackpad is unresponsive. Slow boot times. Too heavy to carry around.,2024-09-18
TV1208,3.5,Perfect for my living room.,2024-10-26
SP1155,4.0,Camera quality is outstanding. Fast charging is great. Performance is snappy.,2024-08-30
SP1768,4.5,Face recognition works perfectly. Performance is snappy. Great build quality.,2024-10-27
SP1739,3.0,Software is buggy. Battery drains quickly. Touch screen issues.,2024-11-02
SPK0955,4.5,Perfect for parties. Easy to pair with devices. Clear audio at high volumes.,2024-09-13
SPK0727,4.0,Battery life is excellent. Build quality is solid. Great bass response.,2024-10-09
SPK1898,5.0,Perfect for parties. Easy to pair with devices.,2024-11-24
TV0544,4.0,Smart interface works smoothly. Great smart features. Sound quality is excellent.,2025-02-15
LP0260,5.0,Great performance for the price.,2025-01-05
LP0169,4.0,Great performance for the price. Battery life is excellent.,2025-01-22
SPK0291,3.5,Clear audio at high volumes. Great bass response. Build quality is solid.,2024-10-31
SPK1006,3.0,Bass is weak.,2024-12-29
LP1189,4.0,Great performance for the price. Build quality is excellent.,2024-10-06
LP0240,4.5,Stays cool under heavy load.,2024-10-08
SP0218,4.0,Fast charging is great. Screen is beautiful. Battery lasts all day.,2025-01-27
LP0418,4.5,Display is crystal clear. Battery life is excellent. Runs all my applications smoothly.,2024-10-01
SP1112,4.5,Screen is beautiful.,2024-12-07
SP1510,4.0,Camera quality is outstanding.,2024-11-22
SP0904,3.0,Touch screen issues.,2025-02-19
LP0630,3.5,Keyboard feels premium. Perfect for work and gaming.,2024-09-30
LP1520,4.0,Keyboard feels premium.,2024-08-27
LP1595,4.0,Keyboard feels premium. Stays cool under heavy load. Perfect for work and gaming.,2025-01-04
SP1531,5.0,Performance is snappy. Screen is beautiful.,2024-09-27
TV1418,3.5,Picture quality is amazing. Perfect for my living room. The colors are vibrant.,2024-11-16
SP0826,3.5,Face recognition works perfectly. Fast charging is great. Great build quality.,2024-11-05
LP1365,4.0,Build quality is excellent. Battery life is excellent. Keyboard feels premium.,2024-11-12
TV1428,3.5,Perfect for my living room. The colors are vibrant.,2025-02-08
TV1425,4.5,Smart interface works smoothly.,2024-09-07
TV1584,3.5,Great smart features.,2024-10-29
SPK0241,3.0,Bluetooth connection drops. Poor build quality.,2024-11-14
LP0217,4.5,Battery life is excellent. Build quality is excellent. Perfect for work and gaming.,2024-10-24
LP1019,3.5,Stays cool under heavy load.,2025-02-03
SP0006,4.5,Amazing value for money. Performance is snappy. Screen is beautiful.,2024-09-06
TV0378,4.0,Sound quality is excellent. Amazing value for money.,2024-10-11
TV1034,4.0,Amazing value for money.,2025-01-05
LP0603,4.5,Keyboard feels premium. Build quality is excellent. Great performance for the price.,2024-11-09
SPK0145,4.0,Perfect for parties. Portable and lightweight.,2024-10-21
LP0601,5.0,Build quality is excellent.,2024-10-30
SPK0239,4.5,Clear audio at high volumes. Perfect for parties.,2024-12-10
LP0403,4.5,Display is crystal clear. Battery life is excellent.,2024-12-05
SPK1324,3.5,Sound quality is amazing.,2025-01-24
TV1413,4.0,Great smart features. Picture quality is amazing.,2025-02-21
LP0167,3.5,Stays cool under heavy load. Great performance for the price.,2024-11-23
TV1267,3.5,Smart interface works smoothly.,2024-10-28
LP1119,4.0,Keyboard feels premium. Perfect for work and gaming. Great performance for the price.,2024-09-24
LP0759,3.5,Display is crystal clear.,2024-10-08
SPK0173,4.5,Clear audio at high volumes. Easy to pair with devices.,2024-11-18
SP1921,4.5,Battery lasts all day. Fast charging is great.,2025-02-21
SP0110,4.0,Fast charging is great. Battery lasts all day. Performance is snappy.,2024-09-04
SP1531,4.5,Amazing value for money.,2024-10-10
LP0238,4.0,Perfect for work and gaming.,2025-01-21
TV1532,3.0,WiFi connectivity issues.,2024-09-30
TV0395,4.5,Easy to set up. The colors are vibrant. Great smart features.,2025-01-25
TV0828,4.5,Easy to set up. Sound quality is excellent.,2025-01-13
TV1785,4.5,Easy to set up.,2024-09-29
TV0397,4.0,Sound quality is excellent. The colors are vibrant.,2024-11-07
SP0099,3.5,Fast charging is great.,2024-12-07
SPK1740,5.0,Clear audio at high volumes. Portable and lightweight.,2024-10-29
SPK1381,4.5,Battery life is excellent. Portable and lightweight. Easy to pair with devices.,2024-09-03
LP1284,5.0,Display is crystal clear. Perfect for work and gaming. Build quality is excellent.,2024-12-12
LP1728,4.5,Build quality is excellent.,2024-12-21
SPK0456,3.5,Perfect for parties.,2025-01-09
TV1317,4.0,Sound quality is excellent. Perfect for my living room. Amazing value for money.,2024-08-26
SPK1151,4.0,Portable and lightweight. Clear audio at high volumes.,2024-12-06
SPK0977,3.5,Battery life is excellent. Easy to pair with devices. Perfect for parties.,2025-02-22
SPK0890,4.0,Battery life is excellent. Clear audio at high volumes. Portable and lightweight.,2025-01-16
SPK1381,3.5,Sound quality is amazing. Battery life is excellent.,2024-09-12
SP0810,5.0,Battery lasts all day.,2024-09-19
TV1202,3.5,The colors are vibrant. Perfect for my living room. Picture quality is amazing.,2024-09-10
SPK0278,3.5,Portable and lightweight.,2024-12-25
LP1548,5.0,Display is crystal clear.,2024-08-31
TV0902,3.5,Amazing value for money. Great smart features.,2025-01-29
LP1241,4.0,Build quality is excellent.,2024-11-28
TV0395,4.5,Perfect for my living room. The colors are vibrant.,2025-01-30
SPK1884,4.0,Battery life is excellent.,2024-10-13
TV1069,4.0,Picture quality is amazing. Perfect for my living room.,2025-01-22
LP1249,4.5,Battery life is excellent. Great performance for the price. Build quality is excellent.,2024-11-27
TV0052,3.5,Picture quality is amazing. Sound quality is excellent. Easy to set up.,2025-01-01
SPK0641,4.0,Portable and lightweight. Sound quality is amazing.,2024-12-30
TV0987,5.0,The colors are vibrant.,2024-12-07
LP0750,4.5,Keyboard feels premium. Stays cool under heavy load.,2024-09-05
LP1334,4.5,Great performance for the price.,2024-11-05
SP0126,4.0,Amazing value for money.,2025-02-02
TV0933,4.5,The colors are vibrant. Picture quality is amazing.,2025-01-06
TV1513,3.0,Screen developed dead pixels. Remote control stopped working. Poor viewing angles.,2024-10-10
SPK0027,4.0,Sound quality is amazing. Battery life is excellent.,2024-09-09
SP0550,4.0,Camera quality is outstanding. Great build quality. Battery lasts all day.,2025-02-18
SP1293,5.0,Great build quality.,2024-11-08
TV1841,4.5,Great smart features.,2024-10-22
LP0057,5.0,Great performance for the price. Stays cool under heavy load. Display is crystal clear.,2025-01-05
LP1149,4.0,Runs all my applications smoothly.,2024-09-05
LP1184,4.0,Display is crystal clear.,2025-02-15
SPK1756,4.0,Portable and lightweight.,2024-10-30
LP1668,5.0,Battery life is excellent. Display is crystal clear.,2024-09-19
LP0529,3.0,Battery dies quickly. Fan is very noisy.,2025-01-19
LP1704,4.5,Build quality is excellent.,2025-01-26
SPK1228,3.5,Clear audio at high volumes. Battery life is excellent.,2024-09-13
LP1548,3.0,Keyboard started malfunctioning. Trackpad is unresponsive.,2024-11-28
SPK1900,4.0,Sound quality is amazing.,2024-11-28
SPK1591,4.5,Sound quality is amazing.,2024-11-05
SP0723,4.0,Fast charging is great.,2024-12-01
LP1522,3.5,Display is crystal clear. Keyboard feels premium.,2024-09-29
TV1140,3.0,Poor viewing angles.,2024-09-01
LP0373,3.5,Stays cool under heavy load.,2024-12-04
SPK0611,3.5,Perfect for parties. Clear audio at high volumes.,2024-11-15
SPK0130,4.5,Build quality is solid.,2025-01-03
LP0376,4.0,Build quality is excellent.,2025-01-02
SP0481,3.5,Performance is snappy. Battery lasts all day. Camera quality is outstanding.,2025-01-06
SP1269,5.0,Fast charging is great.,2024-12-25
LP1216,4.5,Battery life is excellent. Keyboard feels premium. Perfect for work and gaming.,2024-10-29
SP0126,4.0,Battery lasts all day. Face recognition works perfectly.,2024-11-06
SP0421,4.0,Face recognition works perfectly. Performance is snappy.,2025-01-07
LP1928,4.5,Battery life is excellent.,2024-10-01
SPK1232,3.5,Great bass response.,2024-12-07
LP0178,4.0,Runs all my applications smoothly. Perfect for work and gaming.,2024-12-08
TV0290,4.5,Great smart features. Easy to set up.,2024-10-25
TV1061,3.5,Easy to set up. Amazing value for money.,2024-09-26
SPK1514,4.0,Easy to pair with devices. Great bass response. Build quality is solid.,2025-01-22
LP1563,4.5,Great performance for the price.,2024-09-16
SPK1096,4.5,Clear audio at high volumes. Portable and lightweight.,2024-11-02
SPK0641,3.5,Battery life is excellent. Easy to pair with devices.,2024-10-24
SPK0404,4.0,Easy to pair with devices. Battery life is excellent.,2024-11-17
TV0151,4.5,Great smart features. Sound quality is excellent. Picture quality is amazing.,2025-01-01
TV1630,3.5,The colors are vibrant. Amazing value for money.,2024-10-08
LP1903,4.0,Perfect for work and gaming.,2024-12-28
SP1473,4.0,Face recognition works perfectly.,2024-09-30
LP1747,4.5,Great performance for the price.,2024-11-08
SP0888,3.5,Camera quality is outstanding. Amazing value for money.,2024-10-14
SPK0988,4.0,Great bass response. Portable and lightweight.,2024-09-22
LP0548,5.0,Battery life is excellent. Great performance for the price. Stays cool under heavy load.,2024-08-30
LP1516,3.5,Display is crystal clear. Great performance for the price. Runs all my applications smoothly.,2024-09-03
SPK0012,4.5,Build quality is solid.,2024-10-15
SPK0963,4.5,Build quality is solid.,2025-02-02
TV0157,3.5,Great smart features.,2024-10-17
TV1515,3.0,WiFi connectivity issues.,2024-08-31
SPK0678,4.0,Portable and lightweight. Perfect for parties.,2024-12-15
LP1240,4.0,Battery life is excellent.,2024-10-17
SP0812,4.0,Face recognition works perfectly. Performance is snappy. Camera quality is outstanding.,2024-11-12
LP0918,4.0,Great performance for the price. Perfect for work and gaming.,2025-02-07
LP1861,4.0,Build quality is excellent. Stays cool under heavy load. Runs all my applications smoothly.,2025-01-03
SP0349,4.0,Fast charging is great. Battery lasts all day. Amazing value for money.,2024-10-27
TV0556,4.0,Perfect for my living room.,2024-10-30
LP0152,4.5,Runs all my applications smoothly.,2024-09-24
SPK0687,4.0,Clear audio at high volumes.,2024-11-26
SP0817,4.5,Great build quality.,2025-01-15
TV1105,3.5,Picture quality is amazing. Great smart features.,2024-10-14
TV1914,4.0,Smart interface works smoothly. Amazing value for money. Picture quality is amazing.,2025-01-01
SPK0501,4.5,Easy to pair with devices. Great bass response.,2025-01-08
SPK1717,4.0,Great bass response. Portable and lightweight.,2024-09-30
TV1118,4.0,Amazing value for money. The colors are vibrant. Great smart features.,2024-10-17
SP1867,4.0,Battery lasts all day. Fast charging is great. Great build quality.,2024-12-24
SPK0562,3.0,Bluetooth connection drops. Battery dies quickly. Distorts at high volume.,2024-09-27
SP0411,3.0,Poor signal reception. Keeps freezing randomly.,2024-09-25
SPK1649,4.0,Battery life is excellent. Easy to pair with devices. Sound quality is amazing.,2025-01-15
TV0089,2.5,Screen developed dead pixels. Poor viewing angles. Smart features are laggy.,2024-12-21
LP0168,4.0,Build quality is excellent. Display is crystal clear.,2024-10-07
TV1002,5.0,Amazing value for money.,2024-12-21
SPK0743,3.0,Sound quality is mediocre. Bass is weak. Charging port stopped working.,2025-01-02
SP0288,3.5,Great build quality. Face recognition works perfectly. Camera quality is outstanding.,2024-10-24
SP0237,5.0,Camera quality is outstanding. Performance is snappy. Screen is beautiful.,2025-02-03
TV0924,5.0,Smart interface works smoothly. Perfect for my living room.,2024-09-21
LP1747,4.5,Keyboard feels premium.,2024-12-09
SP0972,4.0,Screen is beautiful. Camera quality is outstanding. Fast charging is great.,2024-09-07
TV1260,3.5,Perfect for my living room. Easy to set up. Sound quality is excellent.,2025-01-18
SP1764,4.0,Fast charging is great. Camera quality is outstanding. Great build quality.,2024-08-26
TV0212,4.5,Amazing value for money. Easy to set up.,2024-09-26
SPK1837,4.0,Great bass response. Build quality is solid.,2024-11-09
SP0576,4.5,Performance is snappy. Camera quality is outstanding.,2024-11-04
LP0206,3.5,Keyboard feels premium. Display is crystal clear. Build quality is excellent.,2025-01-03
SP1506,3.5,Great build quality.,2025-02-18
LP0079,4.0,Great performance for the price.,2024-10-31
LP0053,4.5,Great performance for the price. Perfect for work and gaming. Battery life is excellent.,2024-10-26
TV1271,4.0,Easy to set up.,2024-09-11
SPK1757,3.5,Sound quality is amazing. Build quality is solid.,2024-12-23
LP0309,4.0,Battery life is excellent. Stays cool under heavy load.,2024-09-10
LP0714,4.5,Stays cool under heavy load. Runs all my applications smoothly. Great performance for the price.,2024-09-15
LP1106,4.0,Keyboard feels premium.,2024-09-07
SPK1533,4.5,Clear audio at high volumes.,2024-10-12
SP1849,3.0,Battery drains quickly. Touch screen issues. Not worth the price.,2024-11-09
SP0929,4.0,Screen is beautiful. Battery lasts all day.,2024-09-07
TV0886,4.5,Picture quality is amazing.,2025-01-13
TV1283,3.5,Smart interface works smoothly. Easy to set up.,2024-10-21
LP1988,3.5,Keyboard feels premium. Stays cool under heavy load.,2024-10-17
SP0190,4.5,Fast charging is great. Amazing value for money.,2024-09-08
SPK1379,4.0,Great bass response. Perfect for parties.,2024-12-15
TV0028,3.0,Poor viewing angles. Customer support is terrible. Sound quality is disappointing.,2024-10-12
LP0548,5.0,Keyboard feels premium. Perfect for work and gaming. Stays cool under heavy load.,2024-11-26
SP1385,4.5,Performance is snappy. Screen is beautiful. Battery lasts all day.,2024-09-11
TV0058,4.0,Great smart features. Easy to set up.,2024-11-13
SPK1242,4.5,Portable and lightweight.,2024-12-25
LP1547,4.0,Great performance for the price.,2025-01-12
TV0221,4.5,Great smart features. Easy to set up. Amazing value for money.,2025-01-08
SP0967,4.5,Amazing value for money. Screen is beautiful. Performance is snappy.,2024-11-15
SPK1172,3.5,Build quality is solid. Battery life is excellent.,2024-12-28
TV0061,3.5,Easy to set up.,2024-10-28
TV1673,3.0,Sound quality is disappointing. Started flickering after few months.,2024-10-06
SPK1526,5.0,Easy to pair with devices.,2024-09-29
LP0462,3.5,Great performance for the price.,2024-10-09
SPK0686,4.0,Sound quality is amazing. Battery life is excellent.,2024-10-08
TV1826,3.5,The colors are vibrant. Picture quality is amazing.,2024-10-02
SPK1353,4.0,Clear audio at high volumes.,2024-09-22
SP0503,4.0,Amazing value for money.,2024-10-30
SPK0253,4.0,Battery life is excellent. Portable and lightweight.,2024-10-15
LP1066,4.0,Runs all my applications smoothly.,2025-01-14
SP1311,4.5,Performance is snappy. Camera quality is outstanding. Fast charging is great.,2024-11-26
SP1420,4.0,Screen is beautiful. Fast charging is great. Great build quality.,2024-10-10
LP0243,4.0,Battery life is excellent. Great performance for the price.,2024-10-30
SP1653,4.5,Great build quality. Fast charging is great. Battery lasts all day.,2024-12-24
SP0832,4.5,Battery lasts all day. Camera quality is outstanding.,2025-02-06
TV1829,3.0,WiFi connectivity issues.,2024-10-24
LP1286,4.0,Build quality is excellent. Display is crystal clear. Stays cool under heavy load.,2024-08-31
LP1298,3.5,Display is crystal clear.,2024-11-05
SPK0870,4.0,Clear audio at high volumes. Perfect for parties.,2024-09-20
LP0170,4.5,Keyboard feels premium.,2025-02-01
SP0826,3.0,Camera quality is poor. Overheats while charging.,2024-10-29
LP0499,3.5,Battery life is excellent. Runs all my applications smoothly.,2024-12-08
SPK0646,4.0,Battery life is excellent.,2024-11-20
LP1179,5.0,Perfect for work and gaming. Great performance for the price.,2024-10-13
SP1135,4.5,Great build quality.,2024-10-07
SPK0056,4.0,Great bass response. Portable and lightweight. Clear audio at high volumes.,2024-11-21
TV0676,4.0,Easy to set up. Amazing value for money. Perfect for my living room.,2024-09-23
SPK0111,4.0,Great bass response. Battery life is excellent. Perfect for parties.,2025-02-02
SP0683,4.0,Great build quality.,2024-11-20
SP0435,4.5,Battery lasts all day. Camera quality is outstanding. Screen is beautiful.,2025-01-06
LP1988,3.5,Runs all my applications smoothly.,2024-10-21
TV1142,4.0,Picture quality is amazing. The colors are vibrant. Sound quality is excellent.,2024-10-14
LP1910,4.0,Build quality is excellent. Display is crystal clear. Battery life is excellent.,2025-01-17
SPK1508,4.0,Portable and lightweight. Clear audio at high volumes.,2025-02-16
SPK0361,4.5,Portable and lightweight. Build quality is solid. Perfect for parties.,2025-01-30
SPK1779,4.5,Sound quality is amazing. Easy to pair with devices. Build quality is solid.,2024-10-16
SP1051,5.0,Great build quality. Battery lasts all day. Face recognition works perfectly.,2025-02-18
SP1077,4.5,Face recognition works perfectly.,2024-09-03
LP0195,5.0,Stays cool under heavy load. Battery life is excellent.,2024-10-08
SPK1343,4.5,Easy to pair with devices. Clear audio at high volumes. Perfect for parties.,2024-10-23
SPK1016,4.0,Sound quality is amazing.,2024-10-09
LP0020,3.5,Battery life is excellent. Build quality is excellent.,2024-10-10
TV0555,3.5,Amazing value for money. Perfect for my living room.,2024-12-24
TV0587,4.0,Great smart features. Perfect for my living room. The colors are vibrant.,2024-10-09
SPK0979,3.5,Easy to pair with devices. Perfect for parties. Build quality is solid.,2024-11-21
LP1615,3.5,Keyboard feels premium.,2025-01-27
TV1186,4.5,Smart interface works smoothly. The colors are vibrant. Amazing value for money.,2025-02-09
TV1456,3.5,Smart interface works smoothly. Great smart features. Amazing value for money.,2024-10-02
TV0065,4.0,Easy to set up. Sound quality is excellent.,2024-08-26
LP0407,5.0,Great performance for the price.,2024-10-26
LP1583,4.0,Display is crystal clear.,2024-10-05
TV0277,3.5,Perfect for my living room. The colors are vibrant. Amazing value for money.,2024-11-02
TV0428,4.5,Easy to set up. The colors are vibrant.,2024-12-13
TV1760,4.5,Sound quality is excellent. Great smart features. Smart interface works smoothly.,2025-02-10
SPK0995,4.5,Battery life is excellent. Perfect for parties. Build quality is solid.,2024-09-18
SP0088,4.5,Face recognition works perfectly.,2024-09-01
SPK0196,4.5,Build quality is solid. Sound quality is amazing.,2024-11-22
LP0462,3.5,Build quality is excellent. Stays cool under heavy load.,2025-02-08
SPK1321,5.0,Great bass response. Perfect for parties. Clear audio at high volumes.,2024-12-18
SP1868,4.0,Face recognition works perfectly.,2024-12-05
LP1979,4.0,Keyboard feels premium.,2024-11-13
SP1466,5.0,Battery lasts all day. Fast charging is great.,2024-11-05
SP0949,3.5,Fast charging is great. Performance is snappy. Battery lasts all day.,2024-12-27
SPK1800,4.0,Clear audio at high volumes.,2024-09-19
SPK0702,5.0,Clear audio at high volumes. Battery life is excellent. Build quality is solid.,2025-01-25
TV0016,3.5,Great smart features.,2025-01-09
LP1625,3.5,Perfect for work and gaming. Great performance for the price.,2024-11-10
SP0821,4.0,Performance is snappy. Amazing value for money.,2024-11-01
TV0831,4.0,Sound quality is excellent. Perfect for my living room. Smart interface works smoothly.,2024-11-03
SPK1036,4.0,Easy to pair with devices.,2025-02-10
LP0182,3.5,Perfect for work and gaming. Battery life is excellent.,2024-11-19
LP1946,4.5,Build quality is excellent. Display is crystal clear.,2024-11-11
TV0679,4.5,Great smart features.,2024-11-01
SP0447,4.0,Great build quality. Camera quality is outstanding. Face recognition works perfectly.,2024-11-25
SP0817,3.5,Great build quality. Face recognition works perfectly.,2024-12-04
SPK0200,4.5,Build quality is solid. Portable and lightweight. Battery life is excellent.,2024-10-26
TV0555,3.5,Easy to set up.,2024-08-26
TV1553,3.5,Great smart features. Picture quality is amazing.,2024-12-04
LP0889,4.0,Great performance for the price. Runs all my applications smoothly.,2025-01-04
SPK1197,3.0,Bluetooth connection drops.,2024-10-20
SPK1406,4.5,Easy to pair with devices. Battery life is excellent.,2025-01-10
LP0560,3.5,Stays cool under heavy load.,2024-09-04
SP0001,3.5,Face recognition works perfectly.,2024-08-27
TV0058,3.5,Picture quality is amazing. Sound quality is excellent. Perfect for my living room.,2024-12-01
SP1258,4.0,Face recognition works perfectly. Amazing value for money.,2024-11-19
SPK0384,3.5,Clear audio at high volumes. Portable and lightweight. Easy to pair with devices.,2024-09-14
TV0508,5.0,Great smart features. The colors are vibrant. Perfect for my living room.,2024-10-11
TV1263,3.5,Perfect for my living room.,2024-09-27
LP1863,5.0,Battery life is excellent. Runs all my applications smoothly. Display is crystal clear.,2025-02-14
SPK0562,4.0,Battery life is excellent. Sound quality is amazing.,2024-11-06
SP1270,3.0,Software is buggy.,2024-10-29
SP0219,3.5,Great build quality. Amazing value for money. Camera quality is outstanding.,2025-01-02
SPK0688,4.0,Portable and lightweight. Perfect for parties.,2024-10-05
SP0847,4.0,Battery lasts all day.,2024-09-20
LP1056,3.5,Build quality is excellent. Display is crystal clear.,2025-02-22
LP1449,4.0,Battery life is excellent. Runs all my applications smoothly.,2024-12-19
LP0733,4.0,Runs all my applications smoothly.,2025-02-09
TV1244,4.0,Perfect for my living room. Great smart features. The colors are vibrant.,2024-11-09
LP0333,3.5,Battery life is excellent. Display is crystal clear. Runs all my applications smoothly.,2025-02-21
SP1211,3.5,Amazing value for money.,2025-02-14
SPK0963,5.0,Build quality is solid. Sound quality is amazing. Battery life is excellent.,2025-01-30
SP1565,4.5,Performance is snappy. Amazing value for money.,2025-01-22
LP0260,4.0,Keyboard feels premium. Runs all my applications smoothly.,2025-01-05
TV0331,4.5,The colors are vibrant. Smart interface works smoothly. Perfect for my living room.,2024-12-04
LP1374,4.0,Keyboard feels premium. Build quality is excellent.,2024-09-11
SPK0980,4.5,Build quality is solid. Great bass response. Sound quality is amazing.,2024-09-10
SP1451,4.0,Performance is snappy.,2024-12-05
SP0643,4.0,Fast charging is great. Battery lasts all day.,2024-09-12
LP1163,4.0,Stays cool under heavy load. Perfect for work and gaming. Battery life is excellent.,2024-12-03
SPK0974,3.5,Portable and lightweight.,2024-12-01
TV0867,4.5,Easy to set up. The colors are vibrant. Great smart features.,2024-10-06
SP1259,4.0,Performance is snappy. Face recognition works perfectly.,2025-01-30
TV1221,3.5,Sound quality is excellent.,2024-09-22
SPK1942,3.0,Charging port stopped working. Bluetooth connection drops. Sound quality is mediocre.,2025-01-31
LP0618,3.0,Screen has backlight bleeding.,2024-10-10
TV0493,3.5,Sound quality is excellent.,2025-02-10
SPK1832,3.5,Clear audio at high volumes.,2024-10-15
SPK1164,4.0,Battery life is excellent. Perfect for parties. Great bass response.,2024-12-22
SP0421,4.0,Fast charging is great. Battery lasts all day.,2025-01-24
SPK0027,4.5,Great bass response.,2025-01-25
SP0285,4.0,Battery lasts all day. Fast charging is great.,2025-02-21
SP0846,4.5,Face recognition works perfectly. Screen is beautiful. Performance is snappy.,2024-11-26
SPK1170,4.0,Sound quality is amazing. Build quality is solid. Perfect for parties.,2025-02-05
TV0157,4.5,Sound quality is excellent. The colors are vibrant. Smart interface works smoothly.,2025-02-08
SP1506,3.5,Amazing value for money.,2024-10-30
LP1206,3.0,Battery dies quickly. Keyboard started malfunctioning.,2024-11-16
LP0182,4.0,Battery life is excellent. Build quality is excellent. Display is crystal clear.,2025-02-08
TV0664,5.0,Picture quality is amazing. Great smart features.,2024-11-29
SP0834,3.0,Not worth the price.,2024-09-15
TV0213,3.0,Smart features are laggy. Poor viewing angles.,2024-12-20
LP0346,4.5,Battery life is excellent. Stays cool under heavy load. Build quality is excellent.,2025-01-05
SP0767,4.0,Battery lasts all day. Great build quality.,2024-11-18
LP0770,4.5,Stays cool under heavy load.,2024-12-24
LP1014,5.0,Battery life is excellent.,2024-09-19
TV1434,3.5,Easy to set up.,2024-08-30
LP0957,3.5,Display is crystal clear.,2024-12-21
SP1225,4.0,Great build quality. Fast charging is great.,2024-11-19
SP1613,3.5,Camera quality is outstanding.,2024-09-12
SPK0919,4.0,Battery life is excellent.,2024-10-01
TV0058,4.0,Perfect for my living room.,2024-10-30
SPK1604,3.5,Easy to pair with devices. Sound quality is amazing.,2024-10-28
SPK0406,3.5,Portable and lightweight.,2025-01-09
LP1119,4.0,Perfect for work and gaming. Runs all my applications smoothly.,2025-02-20
TV1685,4.5,Amazing value for money. Great smart features. Smart interface works smoothly.,2024-11-07
LP1805,5.0,Perfect for work and gaming. Keyboard feels premium. Runs all my applications smoothly.,2024-12-06
LP0473,3.0,Screen has backlight bleeding. Runs hot under load.,2025-02-07
SPK1198,4.0,Easy to pair with devices. Great bass response. Portable and lightweight.,2024-12-21
SPK0136,4.5,Clear audio at high volumes. Sound quality is amazing.,2025-02-07
LP0872,4.0,Build quality is excellent.,2025-02-11
LP0673,4.5,Display is crystal clear.,2024-11-15
SP1964,3.0,Keeps freezing randomly. Software is buggy.,2024-11-11
LP0560,3.5,Runs all my applications smoothly. Display is crystal clear.,2024-10-18
SPK1646,4.5,Sound quality is amazing.,2024-11-12
TV1518,4.0,Great smart features. Picture quality is amazing.,2025-02-08
LP1144,4.0,Keyboard feels premium. Battery life is excellent. Perfect for work and gaming.,2025-01-12
SP1919,5.0,Great build quality. Camera quality is outstanding.,2025-01-06
SP1700,3.0,Poor signal reception.,2024-09-13
LP1245,4.0,Perfect for work and gaming. Runs all my applications smoothly.,2025-02-07
SPK0059,4.5,Clear audio at high volumes. Battery life is excellent. Build quality is solid.,2024-11-23
SP1259,4.0,Fast charging is great.,2024-11-15
TV1000,3.5,Smart interface works smoothly. Sound quality is excellent. Amazing value for money.,2024-11-06
SPK1242,2.5,Poor build quality. Charging port stopped working. Bluetooth connection drops.,2024-12-13
TV0525,4.5,Easy to set up. Perfect for my living room.,2025-01-11
SPK1097,3.0,Poor build quality. Not loud enough. Battery dies quickly.,2024-09-23
LP0243,4.5,Perfect for work and gaming. Display is crystal clear.,2024-11-12
TV0085,4.5,Sound quality is excellent. Perfect for my living room. Easy to set up.,2025-02-08
SPK1918,4.5,Clear audio at high volumes. Easy to pair with devices.,2025-02-13
SP1618,4.0,Battery lasts all day. Camera quality is outstanding. Amazing value for money.,2024-11-11
LP1979,4.0,Runs all my applications smoothly.,2024-11-04
LP0055,3.5,Display is crystal clear.,2024-09-04
SPK1990,3.5,Sound quality is amazing.,2024-10-10
SPK0830,4.5,Portable and lightweight. Clear audio at high volumes.,2024-11-21
SP0381,4.0,Fast charging is great. Great build quality. Screen is beautiful.,2024-09-23
SP1980,4.5,Performance is snappy. Camera quality is outstanding.,2024-11-07
SP1737,4.0,Camera quality is outstanding.,2025-01-22
SP0288,4.0,Screen is beautiful.,2024-10-25
SPK0291,4.0,Great bass response. Battery life is excellent. Build quality is solid.,2024-12-06
SP0976,3.0,Camera quality is poor. Keeps freezing randomly.,2024-11-23
SP1400,3.5,Camera quality is outstanding. Screen is beautiful. Great build quality.,2024-12-25
SP0391,5.0,Amazing value for money.,2025-01-26
TV0089,4.0,The colors are vibrant. Smart interface works smoothly. Great smart features.,2025-01-08
LP1289,3.5,Stays cool under heavy load. Battery life is excellent. Build quality is excellent.,2024-12-08
LP1137,5.0,Display is crystal clear. Great performance for the price.,2024-10-23
LP0260,5.0,Build quality is excellent. Runs all my applications smoothly. Keyboard feels premium.,2024-10-22
SP0154,5.0,Performance is snappy. Battery lasts all day. Camera quality is outstanding.,2024-10-25
SP1937,4.0,Great build quality. Fast charging is great.,2024-10-10
SP0658,4.0,Fast charging is great. Camera quality is outstanding.,2025-01-15
SPK1804,4.0,Clear audio at high volumes. Easy to pair with devices.,2025-01-16
SPK1124,4.0,Easy to pair with devices. Great bass response.,2024-12-23
SPK0912,4.0,Great bass response. Perfect for parties. Build quality is solid.,2024-09-06
SP1916,4.0,Fast charging is great. Great build quality.,2025-02-13
SP1765,4.0,Fast charging is great. Performance is snappy. Amazing value for money.,2024-12-18
TV0669,4.0,Smart interface works smoothly.,2025-01-06
TV1008,4.0,Easy to set up. Smart interface works smoothly. Sound quality is excellent.,2024-12-19
SP1885,3.5,Fast charging is great. Screen is beautiful.,2024-10-15
SPK0636,4.0,Build quality is solid.,2025-02-13
SP0424,5.0,Fast charging is great.,2025-02-17
SPK0087,5.0,Perfect for parties.,2024-11-29
SP0897,3.5,Fast charging is great. Great build quality. Performance is snappy.,2024-12-14
SP1311,4.0,Camera quality is outstanding. Screen is beautiful.,2025-02-02
SP0511,4.5,Great build quality. Performance is snappy. Camera quality is outstanding.,2024-12-25
SPK1339,4.0,Perfect for parties. Great bass response.,2024-09-02
SP0972,3.0,Software is buggy. Battery drains quickly.,2024-09-03
SPK0892,5.0,Portable and lightweight. Sound quality is amazing. Build quality is solid.,2024-11-16
TV1515,4.0,Easy to set up.,2024-11-17
TV1224,3.0,Screen developed dead pixels.,2024-09-18
LP1835,4.5,Keyboard feels premium. Perfect for work and gaming.,2024-08-31
TV1917,4.0,Smart interface works smoothly. Great smart features. Picture quality is amazing.,2025-01-15
SPK0739,3.5,Build quality is solid. Clear audio at high volumes. Easy to pair with devices.,2025-01-07
SPK1828,4.5,Battery life is excellent. Sound quality is amazing.,2025-02-21
SP1402,4.5,Battery lasts all day.,2024-09-13
SPK1339,5.0,Portable and lightweight.,2025-02-02
TV1002,4.0,Perfect for my living room. Great smart features.,2024-11-30
SP0242,3.5,Great build quality. Battery lasts all day.,2024-10-03
TV1962,3.5,Sound quality is excellent. Perfect for my living room.,2024-11-10
TV1675,3.5,Perfect for my living room. Smart interface works smoothly.,2024-11-05
SPK1509,3.5,Battery life is excellent. Build quality is solid.,2025-02-14
TV1631,4.0,The colors are vibrant. Great smart features. Picture quality is amazing.,2024-11-30
SP0488,4.0,Face recognition works perfectly.,2025-02-07
SPK1214,3.5,Easy to pair with devices. Build quality is solid. Battery life is excellent.,2024-12-03
SP0897,4.5,Camera quality is outstanding. Amazing value for money.,2025-02-07
LP1968,3.0,Screen has backlight bleeding. Runs hot under load.,2025-02-03
SPK0139,4.0,Easy to pair with devices. Battery life is excellent.,2025-01-17
SPK1103,3.0,Charging port stopped working.,2025-02-16
SPK0730,4.0,Easy to pair with devices. Great bass response.,2024-10-07
SP1461,4.0,Great build quality. Face recognition works perfectly. Screen is beautiful.,2024-10-21
TV1429,4.0,Picture quality is amazing. Amazing value for money. The colors are vibrant.,2025-01-14
SP1645,4.0,Performance is snappy.,2024-12-18
LP1441,4.5,Runs all my applications smoothly. Build quality is excellent. Stays cool under heavy load.,2024-11-19
LP1745,4.5,Build quality is excellent. Great performance for the price.,2025-01-28
LP1726,3.5,Stays cool under heavy load. Battery life is excellent.,2024-09-16
LP0140,4.5,Stays cool under heavy load. Perfect for work and gaming. Great performance for the price.,2024-11-16
LP1470,5.0,Build quality is excellent. Display is crystal clear. Keyboard feels premium.,2024-11-27
SPK1781,4.0,Clear audio at high volumes. Easy to pair with devices.,2024-09-25
SPK1081,4.5,Build quality is solid.,2025-01-13
LP1206,4.5,Stays cool under heavy load. Perfect for work and gaming.,2025-02-19
SPK0139,4.5,Clear audio at high volumes. Sound quality is amazing.,2024-11-09
LP1728,4.0,Battery life is excellent. Display is crystal clear. Build quality is excellent.,2024-11-15
LP0227,3.5,Keyboard feels premium.,2024-09-06
SPK0915,4.0,Battery life is excellent.,2025-02-17
TV1303,5.0,Perfect for my living room.,2024-11-30
SPK1455,4.0,Portable and lightweight. Battery life is excellent.,2024-09-29
LP1843,3.5,Stays cool under heavy load.,2025-02-05
TV1661,3.0,Sound quality is disappointing.,2024-11-05
TV1146,4.0,Smart interface works smoothly.,2024-09-22
TV0769,3.5,The colors are vibrant. Perfect for my living room. Great smart features.,2024-10-03
SP1307,3.5,Fast charging is great. Screen is beautiful. Performance is snappy.,2025-01-08
LP1633,4.0,Perfect for work and gaming. Battery life is excellent.,2024-09-10
SPK0848,4.5,Perfect for parties. Sound quality is amazing.,2024-11-19
SP1454,4.0,Amazing value for money. Screen is beautiful.,2024-10-30
TV0016,4.0,Picture quality is amazing. The colors are vibrant. Great smart features.,2024-09-12
SPK0861,3.0,Battery dies quickly. Not loud enough. Distorts at high volume.,2024-12-08
SP1291,3.0,Touch screen issues.,2024-09-13
LP0047,4.5,Build quality is excellent.,2024-09-12
SPK0049,3.5,Battery life is excellent.,2025-01-21
SPK1832,3.0,Charging port stopped working. Poor build quality. Distorts at high volume.,2025-02-12
TV1957,4.0,Easy to set up. Sound quality is excellent. The colors are vibrant.,2024-11-12
SPK1210,3.5,Clear audio at high volumes. Build quality is solid.,2024-09-15
LP0300,4.0,Build quality is excellent. Great performance for the price.,2025-01-11
TV1253,4.0,Easy to set up. The colors are vibrant. Amazing value for money.,2024-10-25
SP0897,4.0,Amazing value for money. Fast charging is great.,2025-02-22
SPK0899,4.0,Sound quality is amazing. Portable and lightweight. Great bass response.,2024-09-16
SPK0819,5.0,Sound quality is amazing.,2024-10-20
SPK1150,2.5,Battery dies quickly. Bass is weak.,2024-12-22
SP0207,4.0,Fast charging is great. Battery lasts all day. Performance is snappy.,2024-12-18
TV0935,5.0,Picture quality is amazing. Perfect for my living room. Sound quality is excellent.,2024-11-02
LP1319,4.0,Build quality is excellent.,2024-11-28
SPK0744,3.5,Battery life is excellent.,2024-10-27
SPK1662,4.0,Battery life is excellent.,2024-10-06
TV1367,4.0,The colors are vibrant.,2024-09-01
SPK1499,4.0,Portable and lightweight. Sound quality is amazing.,2024-12-15
SP1114,4.0,Screen is beautiful. Face recognition works perfectly. Great build quality.,2024-09-17
SPK0945,3.5,Clear audio at high volumes.,2025-01-12
SP0037,4.0,Camera quality is outstanding. Screen is beautiful.,2025-02-20
SP1885,4.0,Amazing value for money. Performance is snappy.,2024-10-11
SP1320,4.5,Battery lasts all day.,2024-10-04
SP0391,4.0,Battery lasts all day. Performance is snappy. Face recognition works perfectly.,2025-01-13
LP0862,4.5,Display is crystal clear. Battery life is excellent. Build quality is excellent.,2024-09-25
TV0378,4.0,The colors are vibrant.,2025-02-19
SPK0101,3.5,Great bass response. Easy to pair with devices.,2024-10-01
SP1739,3.5,Fast charging is great.,2024-12-30
SPK1612,5.0,Portable and lightweight. Clear audio at high volumes.,2024-09-15
TV1201,4.5,The colors are vibrant. Picture quality is amazing. Sound quality is excellent.,2025-01-10
TV0125,4.0,Picture quality is amazing. Amazing value for money. Sound quality is excellent.,2025-02-19
SPK0782,5.0,Perfect for parties. Sound quality is amazing.,2025-02-21
LP0020,3.5,Stays cool under heavy load.,2024-12-25
SP1027,4.0,Face recognition works perfectly. Great build quality.,2024-10-07
LP1824,3.5,Stays cool under heavy load. Runs all my applications smoothly.,2024-10-09
LP1180,4.0,Stays cool under heavy load. Keyboard feels premium. Display is crystal clear.,2024-10-30
SP0203,3.0,Overheats while charging. Keeps freezing randomly.,2024-11-07
SP1207,5.0,Performance is snappy. Face recognition works perfectly.,2025-01-21
LP1180,4.5,Stays cool under heavy load. Battery life is excellent.,2024-10-02
SPK1509,3.5,Great bass response. Perfect for parties. Battery life is excellent.,2024-10-16
SPK0562,4.0,Build quality is solid. Perfect for parties.,2025-02-03
TV1675,5.0,Sound quality is excellent. Great smart features.,2025-02-06
TV1696,3.0,Sound quality is disappointing.,2024-12-23
SPK0857,4.5,Build quality is solid.,2024-08-28
SPK1938,3.5,Portable and lightweight. Battery life is excellent. Build quality is solid.,2024-09-29
SPK1453,3.5,Build quality is solid. Sound quality is amazing. Portable and lightweight.,2024-12-15
TV1957,4.0,Picture quality is amazing. Amazing value for money. Sound quality is excellent.,2024-09-14
SPK1858,4.0,Battery life is excellent. Clear audio at high volumes.,2024-11-21
LP0909,3.5,Perfect for work and gaming. Display is crystal clear.,2024-09-09
LP0070,3.5,Perfect for work and gaming. Runs all my applications smoothly. Great performance for the price.,2024-10-21
LP1595,4.5,Perfect for work and gaming. Display is crystal clear. Battery life is excellent.,2024-11-22
TV0295,4.0,Sound quality is excellent.,2025-01-02
LP0788,4.0,Battery life is excellent. Runs all my applications smoothly.,2024-09-20
LP1991,4.5,Stays cool under heavy load. Display is crystal clear.,2024-10-13
TV0800,3.5,Smart interface works smoothly. Great smart features.,2024-09-02
SP0805,4.0,Great build quality. Screen is beautiful.,2025-01-06
LP1160,4.0,Build quality is excellent. Great performance for the price. Stays cool under heavy load.,2024-09-24
SP1077,4.5,Face recognition works perfectly. Fast charging is great.,2025-02-08
TV0746,3.0,Smart features are laggy.,2024-10-17
TV1796,4.0,Perfect for my living room.,2025-01-09
SP0599,3.0,Poor signal reception. Not worth the price.,2024-10-18
SPK1220,4.0,Battery life is excellent. Great bass response.,2025-01-27
TV0814,3.5,Sound quality is excellent. Amazing value for money.,2024-10-05
SPK0208,4.0,Build quality is solid. Easy to pair with devices.,2024-10-26
SPK1706,4.5,Easy to pair with devices. Portable and lightweight. Perfect for parties.,2024-11-09
TV1735,4.0,Smart interface works smoothly.,2024-09-07
SP1387,4.5,Amazing value for money. Battery lasts all day.,2025-02-18
SP1613,3.5,Battery lasts all day. Amazing value for money. Camera quality is outstanding.,2024-12-21
TV1018,3.0,Remote control stopped working.,2025-01-06
SP0822,4.0,Screen is beautiful. Face recognition works perfectly. Performance is snappy.,2024-11-15
SPK0017,4.5,Great bass response. Sound quality is amazing.,2024-10-04
LP1482,4.0,Runs all my applications smoothly. Display is crystal clear.,2024-12-01
LP1615,4.5,Battery life is excellent. Runs all my applications smoothly. Perfect for work and gaming.,2025-01-30
LP0997,3.5,Stays cool under heavy load.,2025-02-09
SP1813,4.5,Face recognition works perfectly. Battery lasts all day. Fast charging is great.,2024-11-12
SP1266,4.0,Screen is beautiful. Battery lasts all day. Performance is snappy.,2024-12-29
SPK0592,5.0,Sound quality is amazing.,2025-01-25
TV0402,4.5,Smart interface works smoothly. Easy to set up. Amazing value for money.,2025-01-14
SPK1779,4.5,Build quality is solid. Perfect for parties.,2024-12-13
LP0781,3.5,Perfect for work and gaming. Runs all my applications smoothly.,2024-10-10
TV1917,4.0,Amazing value for money.,2024-12-27
LP0549,3.5,Keyboard feels premium. Build quality is excellent.,2025-01-10
SP0203,3.5,Fast charging is great. Screen is beautiful. Camera quality is outstanding.,2024-12-03
SP1650,4.0,Battery lasts all day. Amazing value for money. Fast charging is great.,2025-01-14
LP0018,4.0,Runs all my applications smoothly.,2024-09-25
LP0121,4.0,Great performance for the price.,2025-01-01
SPK1243,4.5,Build quality is solid. Easy to pair with devices. Portable and lightweight.,2025-01-03
SPK0584,3.0,Charging port stopped working. Sound quality is mediocre.,2024-12-24
SP0520,3.5,Face recognition works perfectly.,2025-01-17
SP0518,3.5,Great build quality. Face recognition works perfectly. Fast charging is great.,2024-10-03
SPK1649,4.0,Easy to pair with devices. Great bass response.,2024-10-29
SPK0982,4.0,Portable and lightweight. Perfect for parties. Build quality is solid.,2024-12-08
TV0539,5.0,The colors are vibrant. Sound quality is excellent.,2025-01-08
TV0573,3.0,Sound quality is disappointing. Customer support is terrible. WiFi connectivity issues.,2024-10-24
SPK1911,3.0,Battery dies quickly. Poor build quality. Bass is weak.,2024-10-02
SPK1220,4.0,Great bass response. Build quality is solid. Clear audio at high volumes.,2024-11-24
SPK0461,3.5,Sound quality is amazing. Build quality is solid. Portable and lightweight.,2025-02-10
SP1112,3.5,Camera quality is outstanding.,2024-08-29
SP0463,3.0,Touch screen issues. Battery drains quickly. Overheats while charging.,2025-02-03
LP1991,5.0,Build quality is excellent.,2024-09-07
SPK0497,4.0,Great bass response. Perfect for parties.,2025-01-02
LP0053,4.0,Stays cool under heavy load. Display is crystal clear. Keyboard feels premium.,2024-12-20
TV1719,4.5,Perfect for my living room.,2024-11-18
SP0967,3.5,Face recognition works perfectly.,2024-12-16
SPK0208,4.0,Battery life is excellent. Sound quality is amazing.,2025-02-10
SPK0952,4.5,Portable and lightweight. Sound quality is amazing. Perfect for parties.,2024-10-06
LP0304,4.0,Keyboard feels premium. Runs all my applications smoothly.,2024-12-10
LP0567,4.0,Display is crystal clear. Keyboard feels premium. Perfect for work and gaming.,2024-11-04
LP0161,3.5,Keyboard feels premium. Perfect for work and gaming. Stays cool under heavy load.,2024-12-01
SPK0101,4.0,Build quality is solid. Great bass response. Perfect for parties.,2024-12-08
SPK1699,3.0,Sound quality is mediocre. Charging port stopped working.,2024-12-24
TV0513,4.0,Great smart features. Amazing value for money. Smart interface works smoothly.,2024-12-29
LP0072,3.0,Keyboard started malfunctioning.,2025-01-03
LP0270,3.5,Runs all my applications smoothly. Battery life is excellent. Perfect for work and gaming.,2024-12-19
TV0397,4.0,The colors are vibrant. Sound quality is excellent. Amazing value for money.,2024-09-24
SPK1740,4.5,Sound quality is amazing.,2024-12-18
SP1888,4.5,Great build quality. Screen is beautiful. Performance is snappy.,2024-08-26
LP1129,4.5,Display is crystal clear. Keyboard feels premium.,2024-09-29
LP0618,5.0,Perfect for work and gaming.,2024-10-16
LP1715,3.5,Display is crystal clear.,2024-08-29
SPK1060,5.0,Perfect for parties.,2024-10-31
LP1470,3.5,Display is crystal clear.,2024-12-06
LP1766,4.0,Perfect for work and gaming. Great performance for the price. Build quality is excellent.,2025-01-28
SPK1876,5.0,Great bass response. Battery life is excellent. Build quality is solid.,2024-09-29
SPK0409,4.5,Great bass response. Build quality is solid. Battery life is excellent.,2024-10-02
SP1552,3.5,Screen is beautiful. Great build quality.,2024-10-02
SP1258,3.5,Great build quality. Camera quality is outstanding.,2024-12-15
TV1785,4.0,Sound quality is excellent. Perfect for my living room.,2025-02-16
LP1641,3.5,Build quality is excellent.,2024-12-20
TV0213,3.5,Picture quality is amazing. Sound quality is excellent. Easy to set up.,2025-01-30
SP1053,3.5,Face recognition works perfectly. Amazing value for money. Great build quality.,2024-11-23
LP0064,4.0,Battery life is excellent.,2024-10-12
TV1819,4.5,Sound quality is excellent. Smart interface works smoothly.,2024-12-26
SP1965,3.5,Great build quality. Performance is snappy.,2024-10-22
LP0536,3.5,Perfect for work and gaming.,2024-09-18
TV1347,3.5,Great smart features. Smart interface works smoothly.,2025-01-25
SP0146,3.5,Screen is beautiful. Battery lasts all day. Camera quality is outstanding.,2024-11-20
LP1519,4.5,Stays cool under heavy load.,2025-02-19
SP1798,4.5,Amazing value for money.,2024-09-03
SP0477,4.5,Battery lasts all day. Great build quality. Face recognition works perfectly.,2024-09-10
TV0660,4.5,The colors are vibrant. Smart interface works smoothly.,2024-11-14
SPK0678,4.0,Battery life is excellent.,2024-12-07
SPK0844,2.5,Poor build quality.,2024-11-11
TV1104,4.5,Perfect for my living room.,2024-10-03
SP1400,3.5,Fast charging is great.,2024-11-26
TV1263,3.5,Picture quality is amazing. Sound quality is excellent. Smart interface works smoothly.,2024-11-21
SPK0276,3.0,Distorts at high volume.,2024-09-08
TV1751,3.5,Easy to set up.,2024-12-09
SPK1662,4.5,Portable and lightweight. Battery life is excellent.,2025-02-17
TV1518,3.5,Smart interface works smoothly. Picture quality is amazing. The colors are vibrant.,2024-12-12
LP1397,5.0,Display is crystal clear. Runs all my applications smoothly. Stays cool under heavy load.,2024-09-11
LP0104,2.5,Trackpad is unresponsive. Keyboard started malfunctioning.,2024-11-29
SP1120,4.5,Great build quality. Camera quality is outstanding.,2025-02-21
TV0956,3.0,Screen developed dead pixels. Remote control stopped working. Sound quality is disappointing.,2024-09-28
TV1480,4.5,Smart interface works smoothly.,2024-09-25
SP1417,5.0,Amazing value for money.,2024-09-29
SPK0404,4.0,Clear audio at high volumes.,2024-12-11
SP1882,4.0,Face recognition works perfectly.,2024-10-18
TV1851,4.0,Amazing value for money. Smart interface works smoothly. Great smart features.,2024-12-29
LP1586,3.0,Fan is very noisy.,2024-08-26
TV1685,3.5,Easy to set up. Sound quality is excellent.,2024-12-26
TV0556,4.5,Smart interface works smoothly. The colors are vibrant. Easy to set up.,2024-12-14
LP1742,4.0,Perfect for work and gaming.,2024-10-16
TV1076,3.5,The colors are vibrant. Easy to set up.,2024-12-25
TV0681,3.5,Perfect for my living room. Great smart features. Sound quality is excellent.,2024-12-29
SP0287,4.0,Great build quality.,2024-10-17
LP1714,5.0,Display is crystal clear. Battery life is excellent.,2025-02-12
SP0720,3.0,Poor signal reception. Touch screen issues. Keeps freezing randomly.,2024-09-11
TV1917,3.0,Sound quality is disappointing. Customer support is terrible. Smart features are laggy.,2024-09-23
SP0237,4.5,Fast charging is great. Performance is snappy.,2024-11-01
SP0960,3.0,Poor signal reception.,2024-11-13
SPK1509,3.5,Portable and lightweight. Build quality is solid. Clear audio at high volumes.,2024-12-29
SPK1527,3.5,Portable and lightweight.,2024-09-17
SPK1381,4.5,Great bass response. Sound quality is amazing.,2025-01-28
LP1563,4.5,Stays cool under heavy load.,2024-12-13
SPK0915,4.0,Perfect for parties. Clear audio at high volumes. Portable and lightweight.,2024-11-26
SP0036,5.0,Fast charging is great.,2025-02-21
SPK0404,3.5,Sound quality is amazing. Portable and lightweight.,2024-11-26
TV0451,4.0,The colors are vibrant.,2025-01-03
TV1568,3.5,Great smart features.,2025-02-21
LP0324,4.0,Battery life is excellent. Great performance for the price. Build quality is excellent.,2024-09-19
TV0451,3.5,The colors are vibrant.,2025-01-08
TV1908,4.5,Smart interface works smoothly.,2024-09-03
TV0084,3.5,Sound quality is excellent. Amazing value for money.,2024-08-31
SPK1200,4.0,Battery life is excellent. Build quality is solid.,2024-10-21
TV1760,3.5,Picture quality is amazing.,2025-01-03
LP0029,5.0,Great performance for the price.,2025-01-25
SPK1177,5.0,Great bass response. Battery life is excellent. Clear audio at high volumes.,2024-11-08
LP1680,4.0,Stays cool under heavy load. Keyboard feels premium.,2024-09-28
TV1254,4.5,Great smart features. Picture quality is amazing.,2024-09-01
LP1522,3.5,Runs all my applications smoothly. Keyboard feels premium. Display is crystal clear.,2024-12-01
LP1522,4.5,Build quality is excellent. Great performance for the price.,2024-08-29
LP1606,3.5,Battery life is excellent. Great performance for the price. Perfect for work and gaming.,2024-12-20
TV0784,3.0,Screen developed dead pixels.,2025-01-26
LP1567,5.0,Build quality is excellent. Keyboard feels premium.,2024-08-29
SPK0074,4.0,Portable and lightweight.,2024-12-19
SPK0958,4.0,Perfect for parties.,2024-12-03
SPK1058,3.5,Great bass response. Perfect for parties.,2024-09-08
LP0206,4.5,Perfect for work and gaming.,2024-12-22
TV1841,4.0,The colors are vibrant.,2024-10-03
LP1129,3.5,Keyboard feels premium. Runs all my applications smoothly. Great performance for the price.,2025-01-14
SP1882,3.5,Face recognition works perfectly.,2024-09-30
SPK0677,4.0,Battery life is excellent.,2024-12-23
LP1005,4.5,Stays cool under heavy load. Keyboard feels premium.,2024-09-09
SP1963,3.5,Screen is beautiful.,2024-08-27
TV0157,3.0,Screen developed dead pixels. Customer support is terrible.,2024-10-30
SPK0685,4.0,Perfect for parties. Clear audio at high volumes. Sound quality is amazing.,2025-01-20
LP1977,3.5,Battery life is excellent. Great performance for the price. Stays cool under heavy load.,2024-12-12
SPK0305,5.0,Easy to pair with devices. Clear audio at high volumes.,2024-12-12
TV1136,4.0,Great smart features. Sound quality is excellent. Perfect for my living room.,2024-09-07
SPK1060,4.0,Portable and lightweight.,2025-02-08
SPK0197,4.5,Build quality is solid.,2024-09-09
SP1452,4.5,Screen is beautiful. Face recognition works perfectly.,2024-10-09
TV0555,4.0,Perfect for my living room. Easy to set up. The colors are vibrant.,2024-11-17
TV0172,3.0,Sound quality is disappointing.,2024-11-16
TV1458,3.5,Amazing value for money. Great smart features. Sound quality is excellent.,2025-01-20
SP1849,4.5,Face recognition works perfectly. Fast charging is great. Screen is beautiful.,2024-09-25
TV0356,3.5,Picture quality is amazing.,2024-12-03
TV0555,4.0,The colors are vibrant.,2024-12-27
SPK1176,3.5,Perfect for parties.,2025-02-20
SP0317,3.5,Amazing value for money.,2024-09-18
SPK1804,4.5,Battery life is excellent.,2025-02-04
LP0380,4.0,Display is crystal clear.,2024-10-01
TV1102,4.0,Amazing value for money. Perfect for my living room.,2025-01-12
SPK0522,3.5,Perfect for parties.,2024-10-31
SPK1577,3.5,Easy to pair with devices.,2024-09-27
SPK1273,5.0,Battery life is excellent.,2024-09-01
SP1042,4.5,Camera quality is outstanding. Great build quality.,2024-08-31
SPK1408,3.5,Perfect for parties.,2024-10-16
TV1378,4.5,Amazing value for money. The colors are vibrant.,2024-10-25
LP0742,5.0,Perfect for work and gaming. Keyboard feels premium. Battery life is excellent.,2025-01-12
SPK1804,3.5,Clear audio at high volumes. Portable and lightweight.,2024-11-30
LP1721,4.5,Keyboard feels premium. Great performance for the price. Battery life is excellent.,2025-01-14
LP0140,4.5,Perfect for work and gaming. Runs all my applications smoothly. Great performance for the price.,2025-01-07
SP1823,4.5,Great build quality.,2025-02-04
SPK0841,4.0,Easy to pair with devices. Build quality is solid. Perfect for parties.,2024-09-20
LP0164,5.0,Keyboard feels premium.,2025-01-31
LP1440,3.5,Stays cool under heavy load. Keyboard feels premium. Display is crystal clear.,2024-08-29
SPK0200,4.0,Great bass response. Battery life is excellent. Sound quality is amazing.,2024-10-31
SPK0475,4.0,Clear audio at high volumes. Battery life is excellent. Sound quality is amazing.,2024-09-03
LP0170,5.0,Display is crystal clear. Runs all my applications smoothly.,2025-01-15
SP0237,4.0,Fast charging is great. Amazing value for money. Screen is beautiful.,2024-11-26
LP0759,4.0,Great performance for the price. Runs all my applications smoothly. Battery life is excellent.,2024-09-06
SPK0497,3.5,Build quality is solid.,2025-01-13
SPK0546,3.5,Build quality is solid. Easy to pair with devices. Clear audio at high volumes.,2024-09-07
SPK1828,3.5,Portable and lightweight. Build quality is solid.,2024-12-31
SP1465,4.5,Amazing value for money. Great build quality.,2024-12-17
SP1174,4.5,Fast charging is great.,2025-01-30
SP0879,4.0,Performance is snappy.,2025-01-05
SPK0409,4.5,Build quality is solid. Clear audio at high volumes.,2024-12-17
LP1251,4.0,Battery life is excellent. Keyboard feels premium. Runs all my applications smoothly.,2024-09-20
SPK0015,3.5,Great bass response. Perfect for parties.,2024-11-20
SP1250,3.5,Performance is snappy. Great build quality. Battery lasts all day.,2025-01-18
LP0418,3.5,Runs all my applications smoothly.,2024-11-20
SP1711,5.0,Screen is beautiful.,2024-11-22
SP1466,3.5,Face recognition works perfectly. Amazing value for money.,2025-02-12
LP0707,5.0,Stays cool under heavy load. Keyboard feels premium. Battery life is excellent.,2024-10-28
SPK1781,4.5,Perfect for parties.,2024-11-16
SPK0482,3.5,Easy to pair with devices. Clear audio at high volumes. Perfect for parties.,2024-09-20
SP1474,4.5,Screen is beautiful. Camera quality is outstanding. Battery lasts all day.,2025-02-12
LP0985,3.0,Too heavy to carry around. Fan is very noisy. Slow boot times.,2024-09-01
SP1622,5.0,Face recognition works perfectly.,2024-11-10
TV0354,4.0,Perfect for my living room.,2025-02-14
SPK1322,3.5,Build quality is solid.,2024-09-22
TV0973,3.5,Amazing value for money. Sound quality is excellent. Great smart features.,2024-09-30
LP0609,3.5,Perfect for work and gaming. Great performance for the price.,2025-01-07
SPK1922,3.5,Great bass response. Perfect for parties.,2024-09-16
SP0244,4.0,Battery lasts all day.,2024-12-17
TV0108,4.0,Perfect for my living room. The colors are vibrant. Amazing value for money.,2025-02-19
TV0769,3.5,Easy to set up.,2024-10-04
SP1531,5.0,Face recognition works perfectly. Great build quality. Performance is snappy.,2025-02-01
TV1255,5.0,Smart interface works smoothly. Easy to set up.,2024-12-08
SP0738,3.5,Great build quality. Fast charging is great. Amazing value for money.,2025-01-29
LP1687,4.0,Perfect for work and gaming. Stays cool under heavy load.,2024-12-25
SPK0208,4.5,Sound quality is amazing. Perfect for parties.,2025-02-16
TV0183,4.5,Picture quality is amazing. Amazing value for money. The colors are vibrant.,2024-10-17
SPK0291,4.0,Portable and lightweight. Easy to pair with devices. Build quality is solid.,2024-08-27
SPK1985,3.5,Clear audio at high volumes. Portable and lightweight. Easy to pair with devices.,2025-02-02
SPK1649,3.5,Great bass response.,2025-01-21
SP0853,5.0,Fast charging is great. Face recognition works perfectly.,2025-02-22
SPK1950,3.5,Portable and lightweight. Great bass response.,2024-09-08
SPK1151,4.5,Great bass response. Portable and lightweight. Build quality is solid.,2024-11-25
TV1719,4.5,Great smart features. Perfect for my living room. Smart interface works smoothly.,2024-09-14
SP1086,2.5,Camera quality is poor.,2024-10-28
LP0271,4.5,Battery life is excellent.,2024-08-26
SP0868,3.5,Face recognition works perfectly. Battery lasts all day. Camera quality is outstanding.,2025-02-16
TV1930,4.0,Amazing value for money. Perfect for my living room.,2025-01-09
LP0377,3.5,Runs all my applications smoothly.,2024-11-23
TV0533,4.0,Easy to set up.,2024-09-15
SPK0633,5.0,Clear audio at high volumes. Perfect for parties.,2025-02-06
TV1427,4.5,The colors are vibrant. Amazing value for money.,2024-08-26
SPK1940,3.0,Poor build quality. Bluetooth connection drops. Battery dies quickly.,2024-10-09
SPK0845,4.0,Sound quality is amazing.,2024-09-24
SPK1662,4.0,Battery life is excellent. Easy to pair with devices.,2024-10-22
TV0527,4.0,Smart interface works smoothly. Amazing value for money. Perfect for my living room.,2024-09-12
TV0323,4.5,Easy to set up.,2024-11-08
TV1215,3.5,Smart interface works smoothly. Perfect for my living room.,2024-12-22
SPK0226,4.0,Sound quality is amazing.,2024-11-20
SP1403,3.5,Performance is snappy.,2024-09-02
TV1887,3.5,Easy to set up.,2024-12-18
TV0884,4.0,Sound quality is excellent. Amazing value for money.,2025-01-22
SPK0366,4.0,Perfect for parties. Sound quality is amazing. Easy to pair with devices.,2024-09-29
SP0545,3.5,Fast charging is great.,2024-12-05
SP1382,3.5,Great build quality.,2025-01-15
TV1082,4.0,Easy to set up. The colors are vibrant.,2024-12-30
LP0007,4.5,Battery life is excellent. Stays cool under heavy load. Display is crystal clear.,2024-12-17
SP0959,3.5,Great build quality. Performance is snappy.,2024-09-20
TV1378,4.0,The colors are vibrant. Smart interface works smoothly.,2024-12-29
SPK1052,5.0,Perfect for parties. Easy to pair with devices. Build quality is solid.,2024-11-11
TV0535,4.0,Perfect for my living room.,2024-12-10
LP0970,4.0,Runs all my applications smoothly. Build quality is excellent.,2024-12-31
SP1461,3.5,Great build quality. Amazing value for money.,2024-09-21
SP1994,4.5,Fast charging is great.,2024-10-20
SP0258,3.5,Fast charging is great. Great build quality. Face recognition works perfectly.,2024-12-24
TV1229,4.0,Picture quality is amazing. Great smart features. Amazing value for money.,2024-11-27
TV1874,4.0,Easy to set up. Smart interface works smoothly. Amazing value for money.,2024-09-10
SPK0506,5.0,Clear audio at high volumes. Battery life is excellent.,2024-11-26
LP1597,3.5,Stays cool under heavy load. Perfect for work and gaming.,2024-12-06
TV1644,3.5,Picture quality is amazing. The colors are vibrant.,2024-10-23
TV0816,5.0,Sound quality is excellent. Great smart features. The colors are vibrant.,2024-12-04
SP1420,3.5,Amazing value for money. Face recognition works perfectly.,2025-02-22
SPK1200,3.5,Build quality is solid.,2024-09-04
SPK0082,4.0,Sound quality is amazing.,2025-01-12
TV1003,4.0,Amazing value for money.,2024-10-16
SPK0761,4.0,Build quality is solid. Great bass response. Perfect for parties.,2024-10-01
SPK0241,3.5,Easy to pair with devices. Battery life is excellent.,2024-09-15
SPK1364,3.5,Easy to pair with devices. Portable and lightweight.,2024-10-04
TV1271,3.5,Perfect for my living room.,2024-09-08
LP0885,4.0,Keyboard feels premium.,2025-02-17
TV1677,5.0,Perfect for my living room. Smart interface works smoothly. Sound quality is excellent.,2024-10-18
SP0209,4.0,Face recognition works perfectly. Amazing value for money. Great build quality.,2024-12-13
LP1319,4.5,Stays cool under heavy load. Perfect for work and gaming. Keyboard feels premium.,2024-09-02
SP1377,4.0,Great build quality. Performance is snappy.,2024-09-07
LP1993,4.0,Display is crystal clear.,2024-12-28
SPK1942,3.5,Clear audio at high volumes. Portable and lightweight.,2024-09-29
LP1714,3.5,Great performance for the price. Keyboard feels premium. Perfect for work and gaming.,2025-02-05
TV1515,4.0,Easy to set up. Perfect for my living room.,2024-12-29
LP0725,2.5,Fan is very noisy.,2024-12-19
TV0458,5.0,Great smart features. Easy to set up.,2024-10-25
SP0421,3.5,Performance is snappy. Face recognition works perfectly. Amazing value for money.,2024-12-06
TV1105,4.5,Smart interface works smoothly. Great smart features.,2024-10-21
SP0847,4.0,Face recognition works perfectly. Camera quality is outstanding. Performance is snappy.,2024-12-21
LP1597,3.5,Great performance for the price. Display is crystal clear.,2024-11-23
SPK0479,3.0,Battery dies quickly. Sound quality is mediocre. Poor build quality.,2024-12-26
TV0613,4.5,Amazing value for money. Easy to set up. Sound quality is excellent.,2024-09-07
SP0388,3.5,Performance is snappy. Fast charging is great. Great build quality.,2024-10-27
TV0999,3.5,Sound quality is excellent.,2025-02-13
LP0468,4.0,Stays cool under heavy load. Battery life is excellent.,2024-09-10
SPK0619,3.5,Great bass response. Portable and lightweight.,2024-11-29
SP1500,4.5,Battery lasts all day. Camera quality is outstanding. Performance is snappy.,2024-09-29
SP1479,3.5,Performance is snappy. Camera quality is outstanding.,2024-11-01
LP1182,3.5,Build quality is excellent. Perfect for work and gaming.,2024-10-15
SPK1094,3.5,Sound quality is amazing. Portable and lightweight. Great bass response.,2024-11-15
SP1856,3.0,Poor signal reception.,2024-10-08
LP0444,5.0,Build quality is excellent. Runs all my applications smoothly. Stays cool under heavy load.,2024-11-22
LP1747,3.0,Battery dies quickly. Slow boot times. Screen has backlight bleeding.,2024-09-21
LP1384,3.5,Runs all my applications smoothly.,2024-10-24
LP0649,4.0,Display is crystal clear. Battery life is excellent. Build quality is excellent.,2024-08-30
TV1741,4.5,Great smart features. Smart interface works smoothly.,2024-09-07
SP0654,4.5,Face recognition works perfectly. Battery lasts all day.,2024-12-15
SP0242,4.5,Amazing value for money. Performance is snappy.,2024-12-19
LP0609,3.0,Keyboard started malfunctioning. Runs hot under load.,2024-09-12
LP0496,4.5,Battery life is excellent. Stays cool under heavy load.,2024-09-13
TV1579,5.0,Picture quality is amazing.,2024-12-13
SP0775,3.5,Screen is beautiful. Camera quality is outstanding.,2024-11-06
LP0534,4.0,Display is crystal clear.,2024-10-30
SPK0875,4.5,Battery life is excellent. Build quality is solid. Sound quality is amazing.,2024-11-24
LP1587,3.5,Display is crystal clear.,2024-10-25
SP0162,3.0,Camera quality is poor. Not worth the price. Poor signal reception.,2025-01-27
TV0085,5.0,Perfect for my living room. Amazing value for money. Great smart features.,2025-01-16
TV0647,3.5,Perfect for my living room. Picture quality is amazing.,2024-09-29
SP0045,4.5,Great build quality.,2025-01-06
SPK1706,4.0,Build quality is solid. Great bass response. Clear audio at high volumes.,2024-12-26
LP1160,4.5,Display is crystal clear. Battery life is excellent. Stays cool under heavy load.,2024-09-30
SPK1016,3.5,Build quality is solid. Battery life is excellent. Clear audio at high volumes.,2024-09-19
SPK0844,3.0,Charging port stopped working. Distorts at high volume. Sound quality is mediocre.,2024-09-05
TV1920,4.0,Picture quality is amazing.,2024-10-24
LP1024,4.0,Great performance for the price.,2024-08-26
LP1925,4.5,Perfect for work and gaming. Great performance for the price. Stays cool under heavy load.,2024-09-25
SPK0264,5.0,Portable and lightweight. Perfect for parties.,2024-12-27
SPK1453,5.0,Easy to pair with devices. Portable and lightweight. Build quality is solid.,2024-10-05
LP0707,3.5,Battery life is excellent.,2024-11-27
SPK0522,5.0,Clear audio at high volumes. Battery life is excellent. Sound quality is amazing.,2024-09-25
SPK1172,4.0,Portable and lightweight. Build quality is solid. Perfect for parties.,2024-09-18
TV1360,4.5,Smart interface works smoothly. Amazing value for money. Great smart features.,2024-11-16
SP1015,4.0,Performance is snappy. Great build quality. Battery lasts all day.,2025-01-18
TV1983,4.0,Perfect for my living room.,2024-12-09
LP1656,4.0,Great performance for the price. Perfect for work and gaming.,2024-11-10
SP1239,4.0,Great build quality. Fast charging is great. Battery lasts all day.,2024-11-15
SP1304,5.0,Battery lasts all day. Performance is snappy.,2024-09-17
SPK1050,3.5,Clear audio at high volumes. Battery life is excellent. Perfect for parties.,2024-09-23
SP1193,3.5,Screen is beautiful.,2024-11-01
TV1139,4.5,Picture quality is amazing.,2024-10-20
TV0973,4.0,Easy to set up. Smart interface works smoothly.,2024-11-01
TV0199,3.0,WiFi connectivity issues.,2024-09-28
SPK0705,4.5,Easy to pair with devices.,2024-09-14
SP0311,4.5,Great build quality. Camera quality is outstanding.,2024-09-12
SP1689,4.0,Great build quality. Amazing value for money. Fast charging is great.,2024-09-02
SP1226,4.0,Performance is snappy.,2025-02-03
TV1634,3.5,Amazing value for money. The colors are vibrant. Picture quality is amazing.,2024-11-02
SP0209,5.0,Great build quality.,2024-11-17
SP1193,5.0,Fast charging is great. Amazing value for money. Great build quality.,2024-10-11
LP0997,3.5,Perfect for work and gaming.,2024-10-12
SPK0361,3.5,Battery life is excellent. Great bass response.,2024-10-01
SPK0094,4.0,Build quality is solid.,2024-12-12
TV0123,4.0,Great smart features. Easy to set up. Sound quality is excellent.,2025-01-24
LP1587,4.0,Great performance for the price. Battery life is excellent.,2024-10-23
TV0530,4.0,Easy to set up.,2024-09-01
SP1927,5.0,Fast charging is great.,2025-01-01
SPK1036,3.5,Battery life is excellent.,2025-01-09
SP1970,4.5,Performance is snappy. Screen is beautiful. Great build quality.,2024-09-04
SP1659,3.5,Great build quality. Performance is snappy.,2024-12-01
SPK1036,4.5,Great bass response.,2024-08-30
TV1419,3.5,Easy to set up. The colors are vibrant.,2024-11-19
TV0978,3.5,Great smart features. Easy to set up. Smart interface works smoothly.,2024-11-02
TV1785,4.5,Great smart features. Sound quality is excellent. Picture quality is amazing.,2025-01-22
TV0664,4.0,Perfect for my living room. Great smart features.,2024-12-23
SP1015,4.0,Camera quality is outstanding. Amazing value for money. Great build quality.,2024-08-30
SPK1636,2.5,Poor build quality. Bass is weak.,2024-11-09
SP1652,3.5,Battery lasts all day. Great build quality. Camera quality is outstanding.,2024-09-25
SP1823,4.0,Performance is snappy.,2024-12-19
SP0591,3.5,Performance is snappy.,2025-01-28
SPK1731,4.0,Sound quality is amazing. Portable and lightweight. Battery life is excellent.,2025-02-11
SPK1296,3.0,Bluetooth connection drops. Poor build quality.,2024-09-03
SP0906,4.0,Performance is snappy.,2025-02-09
TV1012,5.0,Amazing value for money. Easy to set up. Perfect for my living room.,2024-09-01
SPK0592,4.5,Clear audio at high volumes. Sound quality is amazing. Battery life is excellent.,2024-10-12
LP0631,4.0,Stays cool under heavy load. Perfect for work and gaming. Display is crystal clear.,2024-08-27
LP1043,3.5,Keyboard feels premium. Runs all my applications smoothly. Battery life is excellent.,2024-10-03
LP1366,5.0,Great performance for the price. Perfect for work and gaming. Build quality is excellent.,2024-11-29
TV0913,4.0,Amazing value for money. Easy to set up.,2024-11-22
TV0465,4.0,Great smart features. Perfect for my living room. Easy to set up.,2024-10-30
SP0774,3.5,Screen is beautiful.,2024-09-04
SP1869,4.0,Performance is snappy. Battery lasts all day. Face recognition works perfectly.,2024-10-27
SP0289,4.5,Screen is beautiful.,2025-01-23
TV1870,3.5,Easy to set up. Amazing value for money.,2024-10-12
SPK1151,4.0,Battery life is excellent. Easy to pair with devices. Great bass response.,2024-12-01
SP0045,4.0,Camera quality is outstanding. Fast charging is great. Face recognition works perfectly.,2024-09-04
SPK0926,4.5,Portable and lightweight. Great bass response. Sound quality is amazing.,2024-12-09
SP1987,4.0,Great build quality. Amazing value for money. Fast charging is great.,2024-11-19
SPK1503,4.0,Battery life is excellent. Build quality is solid.,2024-11-29
SP0690,3.5,Performance is snappy.,2025-01-05
LP1110,4.0,Stays cool under heavy load. Great performance for the price. Runs all my applications smoothly.,2024-10-19
LP1145,4.0,Build quality is excellent. Stays cool under heavy load.,2025-01-28
LP1843,3.5,Keyboard feels premium. Display is crystal clear. Build quality is excellent.,2024-11-10
LP1017,4.0,Great performance for the price. Perfect for work and gaming.,2024-11-16
LP0887,3.5,Display is crystal clear. Great performance for the price. Keyboard feels premium.,2025-01-21
SPK0135,4.0,Build quality is solid.,2024-08-28
SPK1316,3.0,Charging port stopped working. Battery dies quickly. Bass is weak.,2024-10-12
TV1735,3.5,Amazing value for money.,2025-01-22
TV0987,4.0,Perfect for my living room. The colors are vibrant.,2024-09-12
SPK0115,3.5,Portable and lightweight. Perfect for parties.,2025-01-06
TV0348,3.5,Perfect for my living room. Picture quality is amazing. The colors are vibrant.,2025-02-05
LP0309,4.0,Stays cool under heavy load.,2024-09-26
LP0449,3.0,Battery dies quickly.,2024-09-15
LP0268,5.0,Perfect for work and gaming. Build quality is excellent.,2025-01-28
TV1539,4.0,Picture quality is amazing.,2025-01-04
SPK1571,5.0,Build quality is solid. Easy to pair with devices. Clear audio at high volumes.,2024-09-22
SP0972,4.0,Battery lasts all day.,2024-11-30
TV0800,5.0,Picture quality is amazing. Amazing value for money. Sound quality is excellent.,2024-11-04
SPK1276,4.5,Build quality is solid. Battery life is excellent.,2025-01-25
SPK0990,3.5,Battery life is excellent. Build quality is solid. Perfect for parties.,2025-01-30
LP1489,3.5,Build quality is excellent. Battery life is excellent. Display is crystal clear.,2025-02-18
TV1607,4.5,Smart interface works smoothly. Easy to set up. Picture quality is amazing.,2024-11-14
SP1291,3.5,Fast charging is great. Face recognition works perfectly. Screen is beautiful.,2025-01-22
SP0097,3.5,Great build quality.,2024-10-01
SPK1181,4.5,Perfect for parties. Build quality is solid. Easy to pair with devices.,2024-11-27
LP1144,4.5,Keyboard feels premium. Perfect for work and gaming.,2024-12-28
SPK1399,4.0,Portable and lightweight. Build quality is solid. Easy to pair with devices.,2024-12-02
SP1300,4.5,Great build quality. Fast charging is great. Performance is snappy.,2024-12-15
SP0796,4.0,Face recognition works perfectly. Performance is snappy.,2025-01-03
SP0209,3.5,Fast charging is great. Face recognition works perfectly. Great build quality.,2024-11-21
TV0939,4.5,Picture quality is amazing. Sound quality is excellent.,2025-01-24
LP0412,4.0,Great performance for the price. Runs all my applications smoothly.,2024-09-29
TV0215,4.0,Smart interface works smoothly. Perfect for my living room. Amazing value for money.,2024-12-20
LP1442,4.5,Display is crystal clear.,2024-12-10
LP0722,4.0,Battery life is excellent. Perfect for work and gaming.,2024-09-04
LP0112,3.5,Great performance for the price. Battery life is excellent. Build quality is excellent.,2024-09-05
SPK1816,4.5,Easy to pair with devices. Portable and lightweight. Great bass response.,2024-12-26
TV1999,4.5,Sound quality is excellent. The colors are vibrant.,2025-02-16
TV0537,4.5,Picture quality is amazing. Amazing value for money.,2024-09-25
SPK0827,4.0,Perfect for parties.,2025-02-07
SP0006,4.0,Face recognition works perfectly.,2024-10-31
SPK0748,4.0,Great bass response.,2025-01-11
LP0403,3.0,Too heavy to carry around. Runs hot under load.,2025-01-06
TV1774,3.5,Easy to set up. Great smart features.,2024-11-15
TV0668,3.5,The colors are vibrant. Great smart features.,2025-01-25
TV1378,3.5,Smart interface works smoothly. Picture quality is amazing.,2024-12-15
TV1082,5.0,Great smart features.,2024-10-24
LP1481,4.5,Display is crystal clear. Stays cool under heavy load.,2024-12-19
SP0502,4.0,Great build quality. Face recognition works perfectly.,2024-12-26
SPK1940,3.5,Sound quality is amazing.,2024-11-26
TV1891,2.0,Remote control stopped working.,2025-01-30
SPK1933,4.0,Portable and lightweight. Clear audio at high volumes. Easy to pair with devices.,2024-10-27
SPK1087,4.5,Easy to pair with devices. Portable and lightweight.,2024-11-01
SPK1446,3.5,Sound quality is amazing.,2025-02-22
SP0186,3.5,Performance is snappy. Camera quality is outstanding. Face recognition works perfectly.,2024-11-06
LP1494,4.0,Keyboard feels premium. Great performance for the price. Battery life is excellent.,2024-11-20
LP0373,4.5,Keyboard feels premium. Runs all my applications smoothly.,2024-12-14
LP0072,4.5,Great performance for the price. Build quality is excellent. Display is crystal clear.,2024-10-06
SP1109,4.0,Screen is beautiful. Fast charging is great.,2024-09-14
SPK1499,4.5,Battery life is excellent. Build quality is solid. Perfect for parties.,2024-12-10
LP0558,3.0,Battery dies quickly. Slow boot times.,2025-01-16
SPK1591,5.0,Portable and lightweight. Battery life is excellent. Easy to pair with devices.,2024-12-29
SP0285,4.0,Screen is beautiful. Performance is snappy. Face recognition works perfectly.,2024-11-23
SPK0639,5.0,Great bass response.,2025-02-12
SP0118,5.0,Battery lasts all day.,2025-02-09
LP0781,3.5,Runs all my applications smoothly. Build quality is excellent.,2024-12-03
TV1369,4.0,Great smart features. Easy to set up. Picture quality is amazing.,2025-01-16
SP0342,3.0,Not worth the price.,2024-09-01
SP1987,4.5,Screen is beautiful.,2024-11-25
SP0146,4.0,Face recognition works perfectly.,2024-12-27
SPK0892,4.5,Clear audio at high volumes. Sound quality is amazing. Great bass response.,2024-08-28
SP1266,5.0,Battery lasts all day.,2024-08-27
LP0494,4.5,Battery life is excellent. Runs all my applications smoothly.,2024-10-10
SP1849,3.5,Fast charging is great. Camera quality is outstanding.,2025-02-03
SP0959,4.0,Fast charging is great. Performance is snappy.,2025-01-13
SP1618,4.0,Amazing value for money. Face recognition works perfectly.,2024-10-03
TV0932,4.5,Easy to set up. Great smart features.,2024-08-30
SPK0765,3.5,Build quality is solid. Sound quality is amazing. Easy to pair with devices.,2025-01-08
LP0300,3.5,Stays cool under heavy load. Great performance for the price. Keyboard feels premium.,2024-10-25
LP1974,4.0,Keyboard feels premium.,2024-11-22
SP1095,3.5,Face recognition works perfectly. Battery lasts all day. Amazing value for money.,2024-12-28
SPK0666,3.5,Easy to pair with devices. Battery life is excellent. Clear audio at high volumes.,2024-09-06
SPK0965,4.0,Battery life is excellent.,2024-10-13
SP1233,4.5,Fast charging is great. Performance is snappy.,2024-09-29
SP1218,4.0,Amazing value for money.,2024-12-19
SP0627,4.0,Amazing value for money. Battery lasts all day.,2024-08-28
TV0338,3.0,Poor viewing angles. Screen developed dead pixels. Smart features are laggy.,2024-11-23
TV1383,4.0,Sound quality is excellent. Great smart features. Easy to set up.,2024-11-22
LP1282,4.0,Stays cool under heavy load.,2025-02-14
LP0707,5.0,Perfect for work and gaming.,2024-10-31
TV1834,4.5,Amazing value for money.,2024-12-06
SP0288,4.0,Battery lasts all day. Performance is snappy.,2024-10-17
LP1546,3.5,Build quality is excellent.,2025-01-13
SPK0298,3.5,Clear audio at high volumes. Easy to pair with devices. Perfect for parties.,2024-12-27
SPK0636,3.5,Perfect for parties.,2024-12-24
SPK0156,4.0,Clear audio at high volumes.,2024-10-26
TV0680,4.5,Smart interface works smoothly. Amazing value for money.,2024-09-19
SPK1409,4.5,Clear audio at high volumes. Build quality is solid.,2024-11-13
SPK0982,3.0,Charging port stopped working. Distorts at high volume. Bass is weak.,2024-11-29
LP0020,4.0,Keyboard feels premium.,2025-02-16
SPK1477,4.0,Clear audio at high volumes. Great bass response. Build quality is solid.,2024-10-12
SPK1373,4.5,Perfect for parties. Sound quality is amazing.,2024-12-08
TV0323,3.5,Picture quality is amazing. Perfect for my living room. Amazing value for money.,2024-11-14
TV1253,3.5,The colors are vibrant.,2025-01-24
SP1705,5.0,Fast charging is great. Camera quality is outstanding.,2024-12-11
LP0534,4.0,Runs all my applications smoothly. Build quality is excellent. Keyboard feels premium.,2024-10-08
TV1874,4.5,Easy to set up.,2024-10-16
LP1470,4.5,Display is crystal clear.,2024-12-08
SPK1342,3.5,Great bass response.,2024-10-02
TV0867,3.5,Great smart features. The colors are vibrant.,2024-11-07
SPK1836,4.0,Clear audio at high volumes. Battery life is excellent.,2024-10-27
SP1377,4.5,Camera quality is outstanding. Fast charging is great. Amazing value for money.,2025-01-20
LP1663,4.5,Great performance for the price. Battery life is excellent. Stays cool under heavy load.,2024-10-21
LP1179,4.5,Great performance for the price. Build quality is excellent. Perfect for work and gaming.,2025-01-15
LP0615,3.5,Battery life is excellent.,2024-11-20
SPK0134,4.0,Easy to pair with devices.,2024-10-16
TV0575,4.0,Great smart features. Sound quality is excellent.,2025-02-06
SP0674,3.5,Camera quality is outstanding. Screen is beautiful.,2024-12-09
LP1313,3.0,Keyboard started malfunctioning. Screen has backlight bleeding.,2024-10-27
SP0448,3.5,Camera quality is outstanding.,2024-09-30
LP1334,3.0,Runs hot under load.,2024-09-18
LP1769,4.5,Keyboard feels premium.,2024-11-22
TV1996,3.5,Easy to set up.,2024-11-07
TV0987,2.0,WiFi connectivity issues.,2024-10-04
SPK1646,3.5,Sound quality is amazing.,2024-12-10
SPK1971,4.0,Clear audio at high volumes.,2025-01-17
TV0616,5.0,Perfect for my living room.,2024-09-06
TV0231,4.0,Sound quality is excellent.,2024-10-02
SPK1080,4.0,Battery life is excellent.,2025-01-19
SPK1499,4.5,Great bass response.,2024-11-20
SP0683,4.5,Camera quality is outstanding. Face recognition works perfectly. Battery lasts all day.,2025-02-21
LP1977,3.5,Battery life is excellent. Stays cool under heavy load. Great performance for the price.,2024-12-07
TV0233,4.0,Smart interface works smoothly. Picture quality is amazing. Great smart features.,2024-11-03
SP1026,4.0,Performance is snappy.,2025-02-14
LP1545,5.0,Build quality is excellent. Battery life is excellent. Stays cool under heavy load.,2024-10-26
TV1098,4.0,Perfect for my living room. Smart interface works smoothly. Easy to set up.,2024-08-31
LP1595,5.0,Runs all my applications smoothly. Great performance for the price. Display is crystal clear.,2024-11-23
SPK1158,5.0,Easy to pair with devices. Clear audio at high volumes.,2024-10-14
SPK1469,5.0,Great bass response.,2024-09-12
SPK1100,4.0,Build quality is solid. Portable and lightweight. Clear audio at high volumes.,2024-09-30
TV0669,4.0,Picture quality is amazing.,2025-01-11
SPK0875,4.0,Perfect for parties.,2024-10-25
TV1391,3.0,Smart features are laggy.,2024-12-23
TV1614,5.0,Smart interface works smoothly.,2024-12-12
SP0972,5.0,Great build quality.,2024-12-15
TV0336,4.0,Easy to set up.,2025-01-15
SP0411,4.0,Great build quality. Amazing value for money.,2024-11-19
TV1969,4.0,Amazing value for money.,2024-09-11
SPK0220,3.5,Battery life is excellent. Great bass response. Easy to pair with devices.,2024-10-15
SPK1297,4.0,Great bass response. Easy to pair with devices. Battery life is excellent.,2024-09-08
LP1709,3.5,Stays cool under heavy load. Perfect for work and gaming. Keyboard feels premium.,2025-02-11
LP1843,4.5,Runs all my applications smoothly. Perfect for work and gaming.,2025-01-15
TV0825,4.5,Smart interface works smoothly. Great smart features. Picture quality is amazing.,2024-12-30
SPK1789,4.5,Build quality is solid. Battery life is excellent. Easy to pair with devices.,2024-12-26
SP1207,4.5,Screen is beautiful. Performance is snappy. Face recognition works perfectly.,2024-10-31
SPK1227,5.0,Great bass response. Portable and lightweight.,2024-09-24
TV0655,4.0,Sound quality is excellent. Picture quality is amazing.,2025-01-25
SPK1343,4.5,Sound quality is amazing. Battery life is excellent.,2025-02-13
TV0606,3.0,Smart features are laggy. Customer support is terrible. Remote control stopped working.,2024-10-02
TV0371,4.0,Great smart features. Easy to set up. The colors are vibrant.,2024-12-03
SP0595,3.0,Keeps freezing randomly. Poor signal reception. Software is buggy.,2024-10-07
TV1125,3.0,Started flickering after few months. Remote control stopped working. Screen developed dead pixels.,2024-11-21
TV0689,4.0,Easy to set up.,2024-10-04
LP1384,3.5,Runs all my applications smoothly.,2024-09-02
TV0911,3.0,Poor viewing angles.,2024-09-22
SPK0718,3.5,Easy to pair with devices. Clear audio at high volumes.,2024-09-03
SPK0305,4.0,Easy to pair with devices. Great bass response. Perfect for parties.,2024-10-15
LP0657,4.0,Perfect for work and gaming. Keyboard feels premium. Runs all my applications smoothly.,2024-12-30
SPK0109,3.5,Easy to pair with devices. Clear audio at high volumes.,2024-10-03
SPK0082,4.5,Great bass response. Build quality is solid.,2024-11-24
SPK1176,4.0,Easy to pair with devices. Battery life is excellent. Perfect for parties.,2024-12-02
SP1850,3.5,Screen is beautiful. Great build quality.,2024-11-14
LP0113,4.0,Perfect for work and gaming. Stays cool under heavy load. Keyboard feels premium.,2024-11-01
SP0362,4.0,Face recognition works perfectly.,2024-09-07
SP0837,4.0,Fast charging is great.,2024-09-07
TV1701,4.5,Smart interface works smoothly.,2024-12-04
LP1863,4.0,Battery life is excellent.,2025-01-02
TV0089,4.0,Sound quality is excellent. Great smart features. Picture quality is amazing.,2024-12-21
SPK1016,4.5,Build quality is solid. Great bass response. Perfect for parties.,2024-12-01
TV0902,3.5,Easy to set up.,2025-02-04
LP1666,3.5,Battery life is excellent.,2025-01-05
LP1116,4.0,Display is crystal clear. Keyboard feels premium. Build quality is excellent.,2024-10-10
LP0023,4.0,Battery life is excellent.,2025-01-17
SPK0827,4.0,Great bass response. Portable and lightweight.,2024-09-03
TV0828,4.5,The colors are vibrant.,2024-09-30
LP0188,3.5,Stays cool under heavy load. Runs all my applications smoothly.,2024-10-31
SP0434,3.5,Amazing value for money.,2024-11-24
TV1696,4.0,Sound quality is excellent. Smart interface works smoothly. Easy to set up.,2024-11-08
LP1516,3.5,Battery life is excellent. Great performance for the price.,2024-12-18
TV0797,3.5,Sound quality is excellent. Smart interface works smoothly.,2024-11-04
TV1069,3.0,Customer support is terrible.,2024-10-14
SPK1501,3.0,Battery dies quickly.,2024-10-20
SP0347,3.5,Camera quality is outstanding. Screen is beautiful.,2025-01-23
SP1768,5.0,Battery lasts all day.,2025-01-20
SPK1127,4.0,Build quality is solid. Easy to pair with devices.,2024-10-02
TV1616,4.0,Amazing value for money. Easy to set up. The colors are vibrant.,2024-10-05
SPK0320,4.5,Easy to pair with devices.,2024-10-26
SP0938,4.5,Face recognition works perfectly. Fast charging is great.,2025-01-16
SP0774,3.5,Face recognition works perfectly. Battery lasts all day.,2024-11-13
TV0820,4.5,Great smart features. Picture quality is amazing. Sound quality is excellent.,2024-09-10
LP0468,4.0,Stays cool under heavy load.,2024-11-14
SP0228,5.0,Great build quality. Camera quality is outstanding.,2024-12-13
SPK0619,4.5,Portable and lightweight. Perfect for parties.,2024-10-07
SP1765,4.0,Battery lasts all day. Amazing value for money.,2024-09-24
SPK0856,4.0,Battery life is excellent. Clear audio at high volumes. Easy to pair with devices.,2024-12-15
SPK0688,3.5,Great bass response. Perfect for parties.,2024-11-01
TV1914,4.5,Perfect for my living room. Amazing value for money. Picture quality is amazing.,2024-12-01
SPK0512,5.0,Sound quality is amazing. Great bass response.,2024-09-14
SP1246,4.0,Screen is beautiful.,2024-09-17
TV0213,4.0,Picture quality is amazing.,2024-12-16
LP1901,4.0,Display is crystal clear.,2024-12-28
SP0605,4.0,Fast charging is great. Camera quality is outstanding. Great build quality.,2025-02-17
SP0880,4.0,Performance is snappy. Camera quality is outstanding. Great build quality.,2024-10-27
LP1363,4.0,Display is crystal clear. Build quality is excellent.,2024-11-12
SPK1375,4.0,Battery life is excellent. Easy to pair with devices.,2025-02-20
TV1521,3.5,Easy to set up. Amazing value for money.,2024-10-10
TV0902,4.0,Sound quality is excellent.,2024-09-26
TV1049,3.5,Great smart features.,2025-02-17
LP1440,4.0,Display is crystal clear.,2025-01-30
SP0721,3.0,Not worth the price.,2025-01-05
SPK1094,4.5,Battery life is excellent. Portable and lightweight. Perfect for parties.,2025-02-19
LP0603,4.5,Great performance for the price. Build quality is excellent.,2024-11-10
LP0309,5.0,Keyboard feels premium. Build quality is excellent. Perfect for work and gaming.,2024-09-15
LP0801,3.5,Build quality is excellent. Stays cool under heavy load.,2025-01-07
SP0691,4.5,Amazing value for money. Screen is beautiful.,2024-10-16
LP1945,4.5,Battery life is excellent. Build quality is excellent.,2024-10-26
SPK0394,4.0,Sound quality is amazing. Clear audio at high volumes. Build quality is solid.,2024-09-29
LP1483,4.5,Battery life is excellent.,2025-01-21
LP1110,4.0,Great performance for the price. Battery life is excellent.,2024-12-25
SP1431,5.0,Camera quality is outstanding. Face recognition works perfectly.,2024-10-16
LP1548,4.0,Build quality is excellent.,2024-10-05
SP1758,4.5,Amazing value for money.,2025-01-12
SP1998,3.0,Not worth the price.,2024-09-29
SP1650,3.5,Amazing value for money. Camera quality is outstanding.,2024-09-03
SPK0611,3.5,Great bass response. Clear audio at high volumes. Battery life is excellent.,2024-10-29
SP1907,2.5,Poor signal reception.,2024-11-22
TV1703,3.5,Easy to set up. The colors are vibrant. Great smart features.,2024-09-17
SPK1935,3.0,Not loud enough. Battery dies quickly. Distorts at high volume.,2024-09-22
LP0742,3.0,Slow boot times. Too heavy to carry around. Trackpad is unresponsive.,2024-12-02
TV0371,3.5,The colors are vibrant.,2024-09-16
LP1979,4.0,Stays cool under heavy load. Great performance for the price. Runs all my applications smoothly.,2024-11-02
SP1291,4.5,Face recognition works perfectly.,2024-10-29
SPK0628,4.0,Perfect for parties. Build quality is solid.,2025-02-13
LP1981,4.0,Stays cool under heavy load. Great performance for the price.,2025-02-19
SP0001,4.5,Performance is snappy. Face recognition works perfectly. Fast charging is great.,2024-12-26
SP1869,4.5,Face recognition works perfectly. Great build quality. Performance is snappy.,2024-11-25
TV1809,3.5,Amazing value for money. Great smart features. The colors are vibrant.,2024-08-29
TV0151,4.0,Easy to set up.,2024-12-21
SP0929,3.5,Fast charging is great.,2024-09-03
SP0805,4.0,Camera quality is outstanding.,2025-01-27
TV0451,4.5,Amazing value for money. Great smart features. Picture quality is amazing.,2025-01-04
SP0307,4.5,Fast charging is great.,2024-08-31
LP0439,3.5,Display is crystal clear. Keyboard feels premium. Perfect for work and gaming.,2025-02-13
LP1905,4.0,Great performance for the price. Build quality is excellent. Display is crystal clear.,2024-08-28
SP0363,3.5,Face recognition works perfectly.,2024-10-14
SP0279,4.5,Fast charging is great.,2024-10-13
SP1748,3.0,Camera quality is poor. Keeps freezing randomly.,2025-01-01
LP1432,3.5,Battery life is excellent. Great performance for the price. Keyboard feels premium.,2024-12-30
SP1328,4.0,Face recognition works perfectly. Screen is beautiful. Camera quality is outstanding.,2024-10-08
SP1416,4.5,Battery lasts all day. Fast charging is great. Face recognition works perfectly.,2024-11-11
LP1195,4.0,Battery life is excellent. Great performance for the price. Perfect for work and gaming.,2025-01-24
SP0342,5.0,Battery lasts all day. Fast charging is great.,2024-10-28
SPK0479,5.0,Clear audio at high volumes. Build quality is solid. Perfect for parties.,2024-11-19
TV1458,3.0,Customer support is terrible. Started flickering after few months.,2024-10-16
SPK1591,4.0,Great bass response. Sound quality is amazing.,2024-10-11
TV1391,3.5,Easy to set up. Picture quality is amazing.,2025-01-25
SP0721,4.5,Fast charging is great. Amazing value for money. Great build quality.,2024-11-23
SPK1956,4.0,Easy to pair with devices. Build quality is solid. Great bass response.,2024-10-26
TV0246,3.0,Started flickering after few months.,2024-09-03
SPK0581,3.0,Bluetooth connection drops. Poor build quality.,2024-09-17
SP1531,4.5,Amazing value for money. Battery lasts all day.,2024-10-10
TV1703,4.0,Picture quality is amazing.,2024-12-24
SP1659,3.5,Camera quality is outstanding. Great build quality.,2024-09-14
SP0583,3.0,Touch screen issues. Camera quality is poor.,2024-10-31
TV1331,4.5,Smart interface works smoothly. Amazing value for money.,2025-01-10
LP0182,4.5,Build quality is excellent. Battery life is excellent.,2024-10-16
LP1498,4.5,Great performance for the price.,2024-12-23
SP1230,3.5,Performance is snappy. Great build quality.,2024-12-19
SPK0327,4.0,Build quality is solid. Battery life is excellent. Sound quality is amazing.,2024-09-16
TV1157,4.0,Smart interface works smoothly. Sound quality is excellent. Picture quality is amazing.,2024-11-10
LP1993,3.5,Great performance for the price. Display is crystal clear. Perfect for work and gaming.,2024-12-26
LP1106,4.0,Stays cool under heavy load. Build quality is excellent. Runs all my applications smoothly.,2024-12-20
SPK0479,2.5,Bluetooth connection drops. Charging port stopped working. Bass is weak.,2024-10-21
SPK0891,3.5,Clear audio at high volumes.,2024-08-31
TV1323,4.5,Picture quality is amazing.,2025-01-22
SP0488,4.0,Screen is beautiful. Camera quality is outstanding.,2024-11-12
SP1965,4.0,Face recognition works perfectly. Performance is snappy.,2024-12-11
TV0212,3.5,Amazing value for money. Smart interface works smoothly. Great smart features.,2024-12-23
SP0760,3.5,Amazing value for money.,2024-12-07
LP0909,3.0,Fan is very noisy. Slow boot times.,2024-10-15
SPK1490,4.0,Build quality is solid. Easy to pair with devices.,2024-11-14
SPK0027,3.0,Charging port stopped working.,2025-01-28
TV0769,4.0,Perfect for my living room. Smart interface works smoothly.,2024-09-08
LP1512,3.5,Runs all my applications smoothly. Keyboard feels premium.,2025-01-06
SPK0830,3.5,Great bass response.,2025-01-18
TV1143,4.5,Easy to set up. Great smart features.,2024-10-13
LP0002,4.0,Stays cool under heavy load.,2024-12-10
SPK0339,4.5,Perfect for parties.,2024-12-17
SP0202,4.0,Face recognition works perfectly.,2025-01-09
TV1082,4.0,Picture quality is amazing. Great smart features. Smart interface works smoothly.,2024-12-26
TV1760,4.5,Sound quality is excellent.,2024-12-27
SPK0327,3.5,Great bass response. Build quality is solid. Battery life is excellent.,2025-01-06
SP0693,4.0,Screen is beautiful. Face recognition works perfectly. Fast charging is great.,2024-10-13
SP1748,3.0,Camera quality is poor. Keeps freezing randomly.,2024-10-10
SP1941,4.5,Face recognition works perfectly. Camera quality is outstanding. Fast charging is great.,2024-10-13
LP0372,4.5,Keyboard feels premium.,2024-12-20
SPK0761,4.5,Easy to pair with devices. Clear audio at high volumes. Build quality is solid.,2024-11-18
SP0230,5.0,Screen is beautiful.,2024-10-31
SPK0946,3.5,Clear audio at high volumes.,2024-12-13
LP0419,3.5,Keyboard feels premium.,2025-02-11
SPK0915,4.5,Portable and lightweight. Clear audio at high volumes. Easy to pair with devices.,2025-02-15
LP1168,5.0,Keyboard feels premium.,2024-12-21
TV1723,4.0,Perfect for my living room. Sound quality is excellent.,2025-01-12
LP0029,4.5,Stays cool under heavy load. Battery life is excellent. Great performance for the price.,2024-10-02
SPK0598,4.0,Battery life is excellent. Portable and lightweight.,2024-10-16
SP0595,3.5,Screen is beautiful. Fast charging is great.,2024-11-29
TV1634,5.0,Picture quality is amazing.,2025-01-08
SPK0914,4.5,Great bass response.,2024-09-10
TV1107,5.0,Amazing value for money.,2025-02-06
SP1337,3.5,Screen is beautiful.,2024-12-06
LP0182,3.5,Stays cool under heavy load. Keyboard feels premium. Build quality is excellent.,2024-11-21
TV1826,4.0,The colors are vibrant.,2024-11-17
SPK1170,3.5,Great bass response. Sound quality is amazing.,2024-10-24
SP0868,4.0,Fast charging is great. Face recognition works perfectly.,2024-11-26
LP0051,4.0,Display is crystal clear.,2024-12-04
SP1400,3.0,Touch screen issues. Poor signal reception. Software is buggy.,2024-10-04
SPK0096,3.5,Portable and lightweight. Easy to pair with devices. Build quality is solid.,2025-02-07
SP0930,4.0,Amazing value for money. Performance is snappy. Camera quality is outstanding.,2024-09-17
LP0917,3.5,Build quality is excellent.,2024-10-30
LP0013,4.5,Runs all my applications smoothly.,2024-10-24
LP1909,3.5,Perfect for work and gaming. Great performance for the price.,2024-09-22
SP1394,4.5,Camera quality is outstanding. Battery lasts all day.,2024-10-29
SPK0291,3.0,Sound quality is mediocre.,2024-09-25
SP0949,4.5,Screen is beautiful. Battery lasts all day.,2024-09-25
TV0256,4.0,Sound quality is excellent. Easy to set up. The colors are vibrant.,2024-11-05
TV1986,4.0,Great smart features.,2025-01-24
SPK1544,4.5,Sound quality is amazing. Perfect for parties.,2025-02-18
TV1631,4.0,Perfect for my living room.,2024-09-20
SPK0225,4.0,Great bass response. Clear audio at high volumes. Battery life is excellent.,2025-02-10
SP0720,4.0,Face recognition works perfectly.,2025-02-10
LP0333,4.5,Battery life is excellent. Perfect for work and gaming. Runs all my applications smoothly.,2024-11-04
LP1716,2.0,Fan is very noisy. Too heavy to carry around. Battery dies quickly.,2024-09-12
SPK0220,3.5,Battery life is excellent. Great bass response.,2024-12-17
LP0462,4.5,Runs all my applications smoothly. Build quality is excellent. Battery life is excellent.,2025-01-26
SPK1877,4.5,Great bass response. Easy to pair with devices.,2024-11-10
SP1710,4.0,Screen is beautiful.,2024-09-03
SPK0476,3.5,Sound quality is amazing.,2024-12-07
SP1417,4.0,Fast charging is great. Performance is snappy.,2025-02-01
SPK0756,4.5,Perfect for parties. Battery life is excellent. Great bass response.,2025-01-04
LP0469,3.5,Runs all my applications smoothly. Battery life is excellent. Stays cool under heavy load.,2024-11-09
TV0354,4.5,Smart interface works smoothly.,2024-09-03
SPK1678,5.0,Battery life is excellent. Sound quality is amazing.,2024-11-04
SPK0892,3.5,Clear audio at high volumes. Sound quality is amazing.,2024-12-31
SP1461,4.0,Fast charging is great. Screen is beautiful.,2024-09-20
SP1845,4.0,Performance is snappy.,2024-10-27
SP0706,4.5,Great build quality. Performance is snappy.,2024-09-11
TV0396,4.0,Perfect for my living room. Amazing value for money.,2025-01-21
TV1997,4.5,Easy to set up. Smart interface works smoothly.,2025-01-06
SP0783,3.5,Face recognition works perfectly.,2024-09-24
TV0699,4.5,Amazing value for money. Perfect for my living room. Great smart features.,2024-11-16
SPK0696,4.5,Build quality is solid. Portable and lightweight.,2024-09-26
TV0348,3.5,Smart interface works smoothly.,2025-01-20
SP1062,3.5,Battery lasts all day. Face recognition works perfectly. Camera quality is outstanding.,2025-01-28
LP0877,3.5,Battery life is excellent.,2024-12-18
TV0719,4.0,Smart interface works smoothly.,2024-11-12
SP0810,4.5,Battery lasts all day. Performance is snappy. Fast charging is great.,2024-09-07
SPK0220,4.0,Battery life is excellent.,2024-09-04
TV0075,4.0,Sound quality is excellent. Smart interface works smoothly. The colors are vibrant.,2024-12-20
TV1035,4.0,Sound quality is excellent. Amazing value for money.,2024-08-26
SP1645,4.0,Screen is beautiful. Fast charging is great. Amazing value for money.,2024-09-17
TV0400,4.0,Sound quality is excellent. Smart interface works smoothly. Amazing value for money.,2024-12-28
TV0863,5.0,The colors are vibrant. Sound quality is excellent. Perfect for my living room.,2024-11-09
LP1163,4.0,Display is crystal clear. Runs all my applications smoothly.,2024-12-08
LP1110,4.0,Battery life is excellent. Runs all my applications smoothly. Display is crystal clear.,2025-02-06
TV0063,3.5,Amazing value for money.,2025-02-08
SP1608,3.5,Face recognition works perfectly.,2025-02-07
SPK0739,4.5,Clear audio at high volumes. Battery life is excellent. Great bass response.,2024-10-21
SPK1409,4.0,Build quality is solid. Clear audio at high volumes. Battery life is excellent.,2024-10-06
SP0645,2.5,Touch screen issues. Camera quality is poor.,2024-10-25
LP0708,3.5,Perfect for work and gaming. Display is crystal clear.,2024-11-27
SP1845,5.0,Battery lasts all day. Fast charging is great.,2024-09-06
LP1979,5.0,Display is crystal clear. Battery life is excellent. Keyboard feels premium.,2024-11-07
TV0851,4.5,Amazing value for money. Picture quality is amazing.,2024-10-10
LP1724,4.5,Perfect for work and gaming. Keyboard feels premium.,2024-11-03
SP1689,5.0,Performance is snappy. Camera quality is outstanding. Amazing value for money.,2025-02-18
SP1108,4.0,Face recognition works perfectly. Camera quality is outstanding. Amazing value for money.,2024-11-21
SPK1678,5.0,Sound quality is amazing.,2024-11-04
SPK0611,3.5,Clear audio at high volumes.,2024-12-19
LP0194,4.0,Great performance for the price.,2025-01-13
TV1957,4.5,The colors are vibrant.,2024-12-06
SP0453,5.0,Great build quality. Camera quality is outstanding. Screen is beautiful.,2024-09-20
SPK0568,4.0,Build quality is solid. Clear audio at high volumes. Perfect for parties.,2025-01-22
SP1652,4.0,Battery lasts all day.,2025-02-06
LP0343,4.5,Keyboard feels premium. Great performance for the price.,2025-01-07
LP0008,3.0,Too heavy to carry around.,2024-09-11
LP0593,3.0,Trackpad is unresponsive. Too heavy to carry around. Slow boot times.,2024-09-24
SPK1740,4.0,Portable and lightweight. Great bass response.,2025-02-22
TV1815,3.5,Easy to set up. Sound quality is excellent. Smart interface works smoothly.,2025-01-15
SP0591,4.0,Performance is snappy. Battery lasts all day. Screen is beautiful.,2024-11-16
SP1044,4.0,Fast charging is great.,2024-10-12
LP1903,5.0,Build quality is excellent. Perfect for work and gaming.,2024-10-22
SPK0239,4.0,Sound quality is amazing. Clear audio at high volumes.,2024-11-03
LP0106,4.0,Keyboard feels premium. Perfect for work and gaming. Build quality is excellent.,2025-01-26
LP0227,4.0,Display is crystal clear. Build quality is excellent.,2025-02-09
SP0202,4.0,Amazing value for money.,2024-12-04
LP0569,4.5,Stays cool under heavy load.,2024-12-19
SPK0952,4.0,Clear audio at high volumes. Perfect for parties. Build quality is solid.,2024-11-10
TV1803,3.5,Amazing value for money. Perfect for my living room.,2025-01-09
TV1306,3.5,Sound quality is excellent. Easy to set up. Picture quality is amazing.,2024-09-28
TV0084,4.5,Perfect for my living room.,2024-11-07
LP0496,3.5,Display is crystal clear. Stays cool under heavy load. Perfect for work and gaming.,2024-09-25
LP0802,4.5,Display is crystal clear.,2025-01-12
LP1667,4.5,Build quality is excellent.,2024-11-09
SPK1115,4.0,Easy to pair with devices. Clear audio at high volumes. Build quality is solid.,2024-10-27
SP1618,5.0,Battery lasts all day. Camera quality is outstanding.,2024-11-30
LP0632,4.0,Build quality is excellent. Display is crystal clear. Keyboard feels premium.,2024-10-20
SPK1591,4.5,Easy to pair with devices. Great bass response. Sound quality is amazing.,2024-10-13
SPK0861,4.0,Portable and lightweight.,2024-09-14
SP0503,3.5,Performance is snappy. Great build quality. Camera quality is outstanding.,2024-12-18
TV1982,3.5,Great smart features.,2024-11-27
SPK1368,3.0,Distorts at high volume. Bluetooth connection drops. Not loud enough.,2025-01-03
LP0179,4.0,Great performance for the price. Battery life is excellent.,2025-02-22
LP0634,3.5,Stays cool under heavy load. Battery life is excellent.,2025-01-08
SPK0850,4.0,Great bass response. Perfect for parties.,2025-01-26
SPK1585,3.5,Clear audio at high volumes.,2024-10-15
SP1777,4.5,Screen is beautiful. Battery lasts all day. Camera quality is outstanding.,2024-09-12
SPK1660,4.0,Sound quality is amazing. Portable and lightweight.,2025-01-23
SPK1807,3.5,Battery life is excellent. Perfect for parties. Portable and lightweight.,2024-09-15
SPK1828,2.5,Distorts at high volume. Battery dies quickly. Not loud enough.,2025-01-28
TV0065,3.5,Great smart features.,2024-09-27
SPK0092,3.5,Perfect for parties. Easy to pair with devices.,2024-12-17
SP1412,4.5,Face recognition works perfectly.,2024-09-20
TV1539,5.0,Amazing value for money. Perfect for my living room.,2025-01-14
SP1095,5.0,Amazing value for money. Fast charging is great.,2024-11-01
TV0395,4.5,The colors are vibrant. Great smart features.,2025-02-10
SP1966,4.0,Battery lasts all day.,2024-09-14
SPK0443,4.0,Portable and lightweight.,2024-12-09
SPK0509,3.5,Great bass response. Clear audio at high volumes. Easy to pair with devices.,2024-12-24
LP0121,3.5,Stays cool under heavy load.,2024-10-24
SP1071,3.5,Battery lasts all day. Camera quality is outstanding. Fast charging is great.,2024-10-22
TV0397,4.5,Easy to set up. The colors are vibrant. Perfect for my living room.,2025-02-20
TV0442,4.5,Easy to set up. Great smart features. Perfect for my living room.,2024-10-22
SPK0794,4.5,Sound quality is amazing. Great bass response.,2025-02-20
LP0534,4.0,Build quality is excellent. Perfect for work and gaming.,2024-08-28
TV1846,4.5,Perfect for my living room.,2024-09-13
TV0336,4.0,Perfect for my living room.,2025-01-11
SPK0487,5.0,Clear audio at high volumes.,2024-12-24
SP0488,4.0,Face recognition works perfectly.,2024-12-28
SP1350,3.5,Amazing value for money. Great build quality.,2024-11-01
SP0901,4.0,Camera quality is outstanding. Fast charging is great. Amazing value for money.,2024-12-25
LP0468,4.0,Battery life is excellent. Display is crystal clear.,2024-09-02
LP0170,4.0,Great performance for the price.,2024-12-25
LP0377,3.5,Battery life is excellent. Display is crystal clear. Great performance for the price.,2025-01-10
LP1481,4.5,Stays cool under heavy load. Battery life is excellent. Display is crystal clear.,2025-01-21
SP1916,3.5,Fast charging is great.,2024-11-10
TV1413,4.5,Amazing value for money. Smart interface works smoothly.,2024-09-19
TV1602,3.0,Started flickering after few months. Sound quality is disappointing. Remote control stopped working.,2024-12-26
SPK1164,4.0,Sound quality is amazing.,2025-02-11
TV0621,4.0,Perfect for my living room. Picture quality is amazing.,2024-10-21
LP1372,4.0,Battery life is excellent. Stays cool under heavy load. Display is crystal clear.,2024-12-30
LP0997,4.0,Stays cool under heavy load. Battery life is excellent.,2024-10-11
LP0473,3.5,Build quality is excellent. Perfect for work and gaming.,2024-11-21
SPK0861,4.5,Sound quality is amazing. Clear audio at high volumes. Perfect for parties.,2025-01-09
LP1547,4.0,Perfect for work and gaming. Great performance for the price.,2024-12-01
SP0389,4.0,Fast charging is great. Camera quality is outstanding.,2025-01-13
SP0547,3.5,Battery lasts all day. Great build quality. Face recognition works perfectly.,2024-11-26
LP1185,4.0,Build quality is excellent.,2024-12-01
TV0451,4.0,Sound quality is excellent.,2024-12-17
SPK0581,4.0,Build quality is solid.,2024-10-26
SP1237,4.0,Fast charging is great. Screen is beautiful. Camera quality is outstanding.,2024-11-17
TV0261,4.5,The colors are vibrant. Picture quality is amazing. Great smart features.,2024-10-10
TV0944,3.5,Amazing value for money. Great smart features. Perfect for my living room.,2025-01-06
LP1401,4.0,Runs all my applications smoothly. Great performance for the price.,2024-09-22
SPK1339,4.5,Battery life is excellent.,2025-02-18
TV1244,4.5,Amazing value for money. Picture quality is amazing. The colors are vibrant.,2024-11-21
LP1627,3.5,Great performance for the price. Battery life is excellent. Build quality is excellent.,2024-08-28
SPK0849,4.5,Sound quality is amazing. Easy to pair with devices.,2024-09-14
TV0570,4.5,Smart interface works smoothly. Amazing value for money. Easy to set up.,2025-02-22
LP1910,3.5,Battery life is excellent. Stays cool under heavy load. Great performance for the price.,2024-12-25
SPK0059,3.5,Portable and lightweight. Battery life is excellent.,2024-11-24
LP1138,4.0,Keyboard feels premium.,2024-10-07
SPK0953,5.0,Sound quality is amazing.,2024-10-25
LP1305,4.0,Battery life is excellent.,2024-09-19
SP0262,3.5,Camera quality is outstanding.,2025-02-02
SP0853,4.0,Camera quality is outstanding.,2024-12-16
SP0362,4.5,Fast charging is great. Screen is beautiful.,2024-12-19
LP0707,5.0,Keyboard feels premium. Runs all my applications smoothly. Stays cool under heavy load.,2024-10-27
SPK0094,3.5,Portable and lightweight.,2025-01-18
LP0950,3.5,Perfect for work and gaming.,2024-09-04
SPK0745,3.5,Perfect for parties. Portable and lightweight.,2024-10-04
SP0379,3.5,Great build quality. Camera quality is outstanding.,2024-11-03
SP0069,3.0,Keeps freezing randomly. Poor signal reception. Camera quality is poor.,2024-08-27
TV1951,3.0,Started flickering after few months.,2024-10-13
TV1367,4.5,Smart interface works smoothly.,2024-11-29
SPK0652,4.0,Great bass response. Portable and lightweight. Battery life is excellent.,2024-09-27
TV1682,3.5,Picture quality is amazing. Sound quality is excellent.,2024-11-12
SP1207,3.0,Not worth the price. Touch screen issues. Camera quality is poor.,2025-01-19
SP0249,5.0,Fast charging is great. Amazing value for money.,2024-09-01
TV1235,3.5,Picture quality is amazing. Easy to set up. Perfect for my living room.,2024-12-26
SP1651,4.5,Fast charging is great. Performance is snappy.,2024-12-23
SP1302,3.5,Fast charging is great. Battery lasts all day. Face recognition works perfectly.,2024-10-17
LP0609,4.5,Display is crystal clear.,2024-12-04
LP0055,5.0,Battery life is excellent. Display is crystal clear.,2025-01-14
TV0416,5.0,Picture quality is amazing. Sound quality is excellent.,2025-01-22
TV1521,3.5,Picture quality is amazing. Great smart features. Sound quality is excellent.,2024-12-26
LP0790,4.0,Display is crystal clear. Perfect for work and gaming. Runs all my applications smoothly.,2025-01-05
TV1573,5.0,Easy to set up. Great smart features.,2024-09-21
LP0887,3.5,Battery life is excellent.,2024-12-20
TV1215,3.0,Screen developed dead pixels. Smart features are laggy.,2024-09-03
TV0640,4.5,Perfect for my living room. Picture quality is amazing. Amazing value for money.,2024-10-29
SPK0478,4.0,Clear audio at high volumes. Battery life is excellent. Great bass response.,2024-09-26
SP1257,4.0,Amazing value for money.,2024-09-14
SP1500,5.0,Camera quality is outstanding. Fast charging is great. Screen is beautiful.,2025-02-02
SP1030,4.5,Fast charging is great.,2025-02-13
SP0297,3.0,Keeps freezing randomly. Battery drains quickly.,2025-02-08
SP0864,3.5,Battery lasts all day.,2024-11-07
TV0624,4.0,Smart interface works smoothly.,2024-09-03
SP0146,3.0,Poor signal reception.,2024-09-25
LP1249,5.0,Build quality is excellent. Keyboard feels premium.,2024-12-07
LP0806,4.0,Battery life is excellent.,2024-10-18
SPK1526,4.5,Portable and lightweight. Easy to pair with devices.,2025-01-22
TV1735,4.0,Smart interface works smoothly.,2024-11-21
LP1743,3.5,Battery life is excellent.,2024-12-30
SP1872,3.0,Camera quality is poor.,2024-09-17
LP1792,4.0,Great performance for the price. Build quality is excellent.,2025-02-15
SPK1781,5.0,Easy to pair with devices. Build quality is solid. Sound quality is amazing.,2024-09-19
TV1751,5.0,Easy to set up. Amazing value for money. Great smart features.,2024-12-18
SP0803,4.5,Amazing value for money. Great build quality. Battery lasts all day.,2024-08-27
SPK1426,4.0,Easy to pair with devices.,2025-02-15
SPK0890,4.0,Perfect for parties. Battery life is excellent. Build quality is solid.,2024-12-11
LP0521,3.5,Build quality is excellent. Great performance for the price. Battery life is excellent.,2024-12-16
LP0567,4.5,Perfect for work and gaming.,2024-09-24
SPK1499,3.5,Easy to pair with devices. Sound quality is amazing. Battery life is excellent.,2025-01-24
SP0126,3.5,Battery lasts all day. Screen is beautiful. Face recognition works perfectly.,2024-09-24
SP0249,3.5,Amazing value for money. Screen is beautiful. Face recognition works perfectly.,2025-02-05
LP0567,3.5,Keyboard feels premium. Stays cool under heavy load. Perfect for work and gaming.,2024-11-08
SP1794,4.5,Camera quality is outstanding.,2024-09-04
SPK0090,4.0,Great bass response. Battery life is excellent. Easy to pair with devices.,2024-09-29
SPK0522,4.0,Portable and lightweight.,2024-09-03
SPK0510,3.5,Portable and lightweight.,2024-12-11
SPK1436,4.0,Sound quality is amazing. Great bass response. Perfect for parties.,2025-02-07
TV0093,4.0,Picture quality is amazing. The colors are vibrant. Amazing value for money.,2024-11-09
LP1810,3.5,Battery life is excellent. Perfect for work and gaming. Stays cool under heavy load.,2024-10-19
LP1502,4.5,Runs all my applications smoothly. Perfect for work and gaming.,2024-09-10
LP1680,4.0,Stays cool under heavy load. Build quality is excellent. Display is crystal clear.,2025-01-03
TV0575,4.5,Easy to set up.,2024-11-17
TV1744,5.0,Picture quality is amazing.,2024-08-27
SPK0265,3.0,Distorts at high volume.,2024-10-29
TV1692,3.0,Remote control stopped working.,2024-09-30
LP0885,3.5,Display is crystal clear. Keyboard feels premium.,2024-11-29
TV0644,3.5,Great smart features.,2024-12-09
TV1908,3.5,The colors are vibrant. Smart interface works smoothly.,2024-09-09
SP0779,4.0,Amazing value for money. Camera quality is outstanding. Great build quality.,2024-10-16
TV0871,3.0,Remote control stopped working. Poor viewing angles.,2024-12-13
SP1302,4.5,Great build quality. Battery lasts all day.,2024-12-31
LP1958,5.0,Perfect for work and gaming. Build quality is excellent.,2024-08-29
SPK1943,4.0,Clear audio at high volumes. Great bass response.,2025-02-18
TV0859,4.5,Great smart features. Perfect for my living room. Sound quality is excellent.,2024-10-29
SP1461,3.5,Screen is beautiful. Fast charging is great.,2025-02-22
LP1119,3.5,Great performance for the price.,2025-02-14
SPK0696,4.0,Portable and lightweight. Sound quality is amazing.,2025-01-22
LP0560,4.5,Runs all my applications smoothly. Stays cool under heavy load. Great performance for the price.,2025-01-01
LP1642,3.5,Perfect for work and gaming. Build quality is excellent.,2025-02-06
LP0103,4.0,Perfect for work and gaming.,2024-10-10
LP1743,4.0,Perfect for work and gaming. Display is crystal clear. Battery life is excellent.,2024-10-22
TV1578,4.0,Smart interface works smoothly.,2024-09-22
TV0533,4.0,Easy to set up.,2024-10-30
TV1347,4.0,Sound quality is excellent.,2024-11-05
LP1654,5.0,Display is crystal clear.,2024-11-21
SPK1877,3.5,Battery life is excellent.,2025-01-13
SP0214,5.0,Performance is snappy. Screen is beautiful. Amazing value for money.,2024-12-23
TV0699,5.0,Sound quality is excellent. Smart interface works smoothly.,2024-12-10
TV1049,2.5,Screen developed dead pixels. Poor viewing angles.,2024-10-06
SPK1756,3.5,Easy to pair with devices. Perfect for parties.,2025-01-27
TV0331,3.0,Sound quality is disappointing.,2024-11-20
SPK0090,4.0,Portable and lightweight.,2024-10-14
SP0645,4.5,Amazing value for money. Fast charging is great.,2025-02-09
SPK0865,4.5,Easy to pair with devices. Great bass response.,2024-09-13
SPK0980,3.5,Portable and lightweight. Battery life is excellent. Sound quality is amazing.,2024-08-31
LP1668,3.0,Screen has backlight bleeding. Slow boot times. Fan is very noisy.,2024-09-03
SP1015,3.5,Camera quality is outstanding.,2024-11-29
SP1315,4.5,Camera quality is outstanding.,2024-11-25
SP1722,3.5,Camera quality is outstanding. Great build quality. Fast charging is great.,2025-01-28
SPK0042,4.0,Great bass response. Battery life is excellent. Build quality is solid.,2024-11-29
SPK0702,4.5,Easy to pair with devices.,2024-11-21
SP0625,3.5,Screen is beautiful.,2025-02-11
SP0131,4.5,Great build quality. Camera quality is outstanding. Amazing value for money.,2025-01-24
SPK0838,4.0,Build quality is solid.,2024-09-20
LP0801,3.5,Great performance for the price.,2024-12-08
SP1211,5.0,Great build quality.,2024-08-31
TV1231,4.0,Sound quality is excellent.,2024-12-04
SP0286,3.5,Face recognition works perfectly. Fast charging is great.,2024-10-06
LP1272,3.5,Stays cool under heavy load.,2024-10-02
SPK1055,5.0,Portable and lightweight. Easy to pair with devices.,2024-09-22
SPK1080,4.0,Portable and lightweight. Build quality is solid.,2025-01-23
LP1430,4.5,Stays cool under heavy load. Runs all my applications smoothly.,2025-02-16
SPK1880,4.0,Great bass response. Portable and lightweight.,2024-12-04
LP0188,4.0,Display is crystal clear. Build quality is excellent.,2024-11-07
LP1749,4.0,Perfect for work and gaming.,2025-02-05
SPK0927,3.0,Charging port stopped working. Bass is weak.,2024-12-13
SP0110,4.0,Amazing value for money. Fast charging is great.,2024-09-28
LP0369,4.0,Battery life is excellent. Build quality is excellent. Runs all my applications smoothly.,2024-12-01
LP1961,4.0,Keyboard feels premium. Great performance for the price. Stays cool under heavy load.,2024-09-07
SP0818,5.0,Screen is beautiful. Fast charging is great. Great build quality.,2024-11-02
SPK1493,5.0,Clear audio at high volumes.,2024-12-20
TV0579,4.5,The colors are vibrant. Amazing value for money. Picture quality is amazing.,2024-09-16
TV0402,4.0,The colors are vibrant. Easy to set up. Amazing value for money.,2024-12-15
SP1025,4.5,Great build quality. Face recognition works perfectly. Amazing value for money.,2024-11-10
TV1862,4.5,Easy to set up. Sound quality is excellent. Great smart features.,2024-10-22
SP1967,4.5,Fast charging is great. Performance is snappy. Screen is beautiful.,2024-10-18
SPK1580,4.5,Portable and lightweight. Sound quality is amazing.,2024-10-17
SPK1405,4.0,Great bass response.,2024-10-21
TV1891,5.0,Amazing value for money. Sound quality is excellent. Great smart features.,2024-11-12
SPK1141,4.5,Easy to pair with devices. Great bass response. Build quality is solid.,2024-10-04
LP1977,4.0,Perfect for work and gaming. Display is crystal clear. Great performance for the price.,2025-01-27
SP0853,4.0,Screen is beautiful. Fast charging is great. Camera quality is outstanding.,2024-09-12
LP1961,4.0,Perfect for work and gaming. Display is crystal clear.,2024-09-17
SP1386,4.0,Screen is beautiful.,2024-12-06
LP1716,3.5,Display is crystal clear.,2024-12-15
TV1391,3.5,Great smart features.,2024-09-21
TV1886,4.0,Great smart features. Sound quality is excellent. Picture quality is amazing.,2024-09-21
LP0549,4.5,Great performance for the price. Perfect for work and gaming.,2025-02-20
TV1008,4.5,Easy to set up. Smart interface works smoothly.,2025-01-19
TV1525,3.5,The colors are vibrant. Easy to set up.,2024-11-22
SPK1052,4.0,Clear audio at high volumes. Build quality is solid.,2024-12-29
SPK0208,3.5,Sound quality is amazing. Perfect for parties.,2024-12-02
LP0377,4.0,Stays cool under heavy load. Perfect for work and gaming. Display is crystal clear.,2024-11-25
SP0131,4.5,Battery lasts all day.,2024-11-16
SPK1864,4.0,Portable and lightweight. Clear audio at high volumes. Perfect for parties.,2024-10-21
LP0255,4.0,Runs all my applications smoothly. Keyboard feels premium. Battery life is excellent.,2025-02-18
SPK0896,3.5,Clear audio at high volumes.,2025-01-03
SPK1942,5.0,Portable and lightweight. Perfect for parties.,2024-12-26
SPK0912,5.0,Great bass response. Easy to pair with devices. Sound quality is amazing.,2025-02-08
SP0322,4.0,Fast charging is great. Face recognition works perfectly. Screen is beautiful.,2024-12-05
LP1945,4.0,Keyboard feels premium. Display is crystal clear. Great performance for the price.,2024-11-15
TV0935,3.5,Amazing value for money. Smart interface works smoothly.,2024-09-17
SPK1273,3.5,Battery life is excellent. Easy to pair with devices. Clear audio at high volumes.,2025-01-31
SPK1574,5.0,Easy to pair with devices.,2025-01-24
SP0285,5.0,Camera quality is outstanding.,2025-01-25
SPK1530,2.5,Not loud enough. Charging port stopped working. Sound quality is mediocre.,2025-01-15
TV1063,4.0,Amazing value for money.,2024-10-22
SPK1351,3.0,Bass is weak. Charging port stopped working. Sound quality is mediocre.,2025-01-05
SP1488,4.5,Great build quality. Battery lasts all day. Face recognition works perfectly.,2024-11-27
LP0152,4.0,Display is crystal clear. Perfect for work and gaming. Keyboard feels premium.,2025-02-10
TV1252,3.5,Perfect for my living room.,2024-12-05
SP0315,3.5,Great build quality.,2024-10-07
LP1110,3.0,Fan is very noisy.,2024-10-26
LP0806,4.0,Runs all my applications smoothly. Display is crystal clear. Great performance for the price.,2024-09-10
SP0571,4.0,Great build quality. Face recognition works perfectly.,2025-01-31
TV0011,3.5,Easy to set up. Perfect for my living room.,2024-09-21
TV1390,3.5,Easy to set up.,2024-09-04
SP1468,3.5,Screen is beautiful.,2024-12-20
SP1923,4.0,Amazing value for money.,2024-12-15
SPK1227,4.0,Easy to pair with devices.,2024-12-12
TV1541,5.0,Sound quality is excellent.,2024-08-27
SP1849,5.0,Performance is snappy.,2025-02-01
SPK0136,3.0,Poor build quality. Battery dies quickly. Distorts at high volume.,2024-12-12
TV1862,4.0,Picture quality is amazing. The colors are vibrant. Great smart features.,2024-10-08
SPK0727,4.5,Perfect for parties. Great bass response. Portable and lightweight.,2024-12-21
SPK1219,3.5,Build quality is solid. Battery life is excellent. Easy to pair with devices.,2024-10-25
TV1525,4.5,Smart interface works smoothly. Sound quality is excellent.,2024-10-29
SPK1683,3.5,Easy to pair with devices. Clear audio at high volumes.,2025-01-30
LP0271,4.0,Runs all my applications smoothly. Battery life is excellent. Stays cool under heavy load.,2024-11-24
LP0300,4.5,Build quality is excellent.,2024-10-11
SP0347,4.0,Camera quality is outstanding.,2024-12-27
LP0271,4.5,Great performance for the price.,2025-01-10
LP0650,4.0,Display is crystal clear. Build quality is excellent.,2025-01-20
LP1169,4.5,Great performance for the price.,2025-02-17
TV0676,4.0,Amazing value for money. Picture quality is amazing.,2024-09-07
TV0791,4.0,The colors are vibrant. Easy to set up.,2025-02-17
SP0959,3.5,Great build quality. Amazing value for money. Camera quality is outstanding.,2024-12-21
TV1429,4.0,The colors are vibrant. Amazing value for money.,2024-10-03
TV1855,5.0,Perfect for my living room.,2025-02-14
SPK1183,4.0,Easy to pair with devices.,2024-09-09
TV0851,4.0,The colors are vibrant.,2024-10-13
SP0876,4.5,Amazing value for money. Great build quality. Screen is beautiful.,2024-12-13
SP1966,3.5,Amazing value for money. Fast charging is great.,2024-08-27
TV1786,4.5,Picture quality is amazing. Perfect for my living room. Easy to set up.,2024-11-18
LP0159,4.0,Stays cool under heavy load. Runs all my applications smoothly.,2024-09-09
SP0923,4.5,Battery lasts all day. Screen is beautiful. Fast charging is great.,2024-09-15
TV0672,4.0,Sound quality is excellent. Smart interface works smoothly.,2024-12-24
SP0826,5.0,Screen is beautiful. Performance is snappy. Camera quality is outstanding.,2024-10-20
SP1963,3.5,Battery lasts all day. Face recognition works perfectly.,2024-12-14
SPK1242,4.0,Build quality is solid. Portable and lightweight. Great bass response.,2024-09-21
LP0750,4.5,Battery life is excellent.,2024-09-11
TV0614,3.5,Great smart features. Sound quality is excellent. Smart interface works smoothly.,2025-02-22
TV0913,3.0,Started flickering after few months.,2024-09-25
SPK1243,4.0,Clear audio at high volumes. Easy to pair with devices.,2025-01-20
SP1064,5.0,Battery lasts all day. Screen is beautiful.,2024-11-09
LP1952,4.0,Keyboard feels premium.,2025-01-10
SPK0512,3.5,Great bass response. Perfect for parties.,2024-11-04
LP0026,4.5,Display is crystal clear.,2025-02-19
TV1031,3.5,Perfect for my living room. Smart interface works smoothly. Picture quality is amazing.,2024-10-12
TV1532,3.0,WiFi connectivity issues. Remote control stopped working.,2024-10-02
SP0190,4.0,Amazing value for money. Fast charging is great.,2024-09-23
TV1511,3.5,Smart interface works smoothly. Perfect for my living room. Picture quality is amazing.,2024-12-13
SP1268,3.5,Great build quality.,2024-11-09
LP1365,5.0,Battery life is excellent. Keyboard feels premium.,2024-11-07
SPK1493,3.0,Sound quality is mediocre. Poor build quality.,2025-02-19
SPK1242,3.5,Perfect for parties. Battery life is excellent.,2024-10-30
TV1750,4.0,The colors are vibrant. Great smart features.,2024-10-29
SP1239,5.0,Face recognition works perfectly. Battery lasts all day.,2024-10-28
LP1665,4.0,Display is crystal clear.,2024-11-14
TV0532,4.5,Easy to set up. Smart interface works smoothly. The colors are vibrant.,2024-09-04
TV0973,4.5,Amazing value for money.,2024-12-23
SPK0027,5.0,Great bass response. Battery life is excellent.,2025-01-18
LP0112,3.0,Screen has backlight bleeding. Slow boot times.,2024-09-13
LP0302,4.0,Stays cool under heavy load. Perfect for work and gaming.,2024-09-19
LP1563,4.5,Battery life is excellent. Display is crystal clear. Keyboard feels premium.,2024-09-05
LP1110,3.5,Runs all my applications smoothly. Display is crystal clear.,2024-12-22
TV1818,4.5,Sound quality is excellent.,2024-10-03
TV1458,4.0,Sound quality is excellent.,2025-02-19
SPK0636,3.5,Sound quality is amazing. Great bass response. Portable and lightweight.,2024-10-17
LP0449,4.0,Great performance for the price. Perfect for work and gaming. Build quality is excellent.,2024-12-21
SP0738,3.5,Screen is beautiful. Performance is snappy.,2024-09-13
TV1817,4.0,Amazing value for money.,2025-02-18
SP0162,3.5,Screen is beautiful.,2025-02-13
SPK0830,3.5,Build quality is solid. Portable and lightweight. Battery life is excellent.,2024-09-27
SPK1321,4.0,Great bass response.,2024-10-06
TV0191,4.0,Sound quality is excellent. Great smart features. The colors are vibrant.,2025-02-17
SPK0833,4.5,Great bass response. Sound quality is amazing.,2024-10-20
TV1818,4.5,Perfect for my living room. Great smart features.,2025-01-08
SP0691,3.5,Screen is beautiful.,2024-11-21
SPK0713,4.0,Sound quality is amazing.,2024-11-10
TV0606,3.5,Easy to set up. Amazing value for money.,2024-11-15
SPK1784,3.5,Battery life is excellent.,2024-10-06
TV1814,4.0,The colors are vibrant. Amazing value for money. Easy to set up.,2024-09-16
SPK0437,4.0,Battery life is excellent. Great bass response. Perfect for parties.,2024-11-22
SP0344,4.5,Amazing value for money.,2024-11-23
TV0025,3.5,Amazing value for money.,2024-09-25
TV1418,3.5,Easy to set up.,2024-10-24
SP0520,4.5,Camera quality is outstanding. Performance is snappy. Fast charging is great.,2024-11-22
LP1335,5.0,Runs all my applications smoothly.,2024-09-26
SPK1162,3.5,Great bass response.,2025-01-24
LP1014,4.5,Great performance for the price.,2024-12-03
LP1262,4.0,Display is crystal clear.,2025-02-22
SPK1243,3.0,Charging port stopped working.,2024-12-07
LP1635,4.5,Perfect for work and gaming. Great performance for the price.,2024-12-06
SPK1006,4.0,Perfect for parties. Build quality is solid.,2024-12-26
SP1135,5.0,Amazing value for money. Great build quality. Screen is beautiful.,2025-02-08
TV0331,4.0,Great smart features.,2025-01-18
LP1905,4.0,Keyboard feels premium.,2025-01-29
SPK0677,4.5,Battery life is excellent. Easy to pair with devices. Perfect for parties.,2024-12-29
SP0322,3.5,Performance is snappy.,2025-01-20
SPK0688,4.5,Great bass response.,2024-10-09
TV1428,3.5,Smart interface works smoothly. Amazing value for money. Great smart features.,2024-12-23
LP1065,4.0,Build quality is excellent. Keyboard feels premium. Stays cool under heavy load.,2024-12-15
SPK1880,3.5,Great bass response. Battery life is excellent.,2024-12-14
LP0529,3.5,Stays cool under heavy load.,2024-10-16
TV0540,3.0,Customer support is terrible. Smart features are laggy.,2024-10-11
SPK1141,4.0,Clear audio at high volumes. Easy to pair with devices.,2024-10-23
SP0214,3.5,Amazing value for money. Camera quality is outstanding.,2024-12-04
LP0029,4.5,Display is crystal clear. Great performance for the price.,2025-01-22
TV1248,3.0,Remote control stopped working.,2024-09-04
SP0734,3.0,Keeps freezing randomly. Not worth the price.,2024-11-24
SPK1624,4.0,Great bass response. Battery life is excellent. Perfect for parties.,2025-02-06
TV1248,3.5,The colors are vibrant. Amazing value for money. Perfect for my living room.,2025-02-14
SPK1990,4.0,Clear audio at high volumes.,2024-10-13
LP1540,4.0,Great performance for the price.,2025-01-28
TV0129,4.5,The colors are vibrant.,2025-02-16
SPK1976,3.5,Easy to pair with devices. Great bass response.,2024-09-13
LP0433,2.5,Fan is very noisy. Slow boot times. Screen has backlight bleeding.,2024-09-07
TV0128,3.5,Amazing value for money.,2024-10-27
TV0089,3.5,Amazing value for money. The colors are vibrant.,2024-09-10
LP0013,3.5,Keyboard feels premium.,2024-10-04
SP1337,4.0,Face recognition works perfectly. Screen is beautiful. Fast charging is great.,2025-02-19
LP1308,4.5,Battery life is excellent.,2024-09-24
SP0706,3.5,Screen is beautiful. Camera quality is outstanding. Battery lasts all day.,2024-11-21
SP1926,3.5,Amazing value for money. Screen is beautiful.,2024-10-09
SPK0827,3.5,Sound quality is amazing.,2024-09-28
LP1014,3.0,Too heavy to carry around.,2024-10-27
SP0670,4.0,Amazing value for money. Camera quality is outstanding. Fast charging is great.,2024-11-11
LP0673,4.5,Keyboard feels premium.,2024-10-19
TV1879,4.0,Perfect for my living room. Sound quality is excellent. Amazing value for money.,2024-12-30
SP0938,5.0,Face recognition works perfectly.,2024-12-10
SPK1036,4.5,Battery life is excellent. Sound quality is amazing.,2024-11-08
SP0929,4.5,Screen is beautiful. Battery lasts all day. Camera quality is outstanding.,2024-08-26
SPK0829,4.5,Great bass response.,2024-11-11
LP0470,3.0,Too heavy to carry around. Runs hot under load.,2024-10-28
TV0184,5.0,Easy to set up.,2024-09-15
SPK0090,4.0,Sound quality is amazing. Easy to pair with devices. Perfect for parties.,2024-11-16
SP0365,4.5,Amazing value for money. Camera quality is outstanding.,2024-11-03
SPK0276,4.0,Clear audio at high volumes. Battery life is excellent. Sound quality is amazing.,2024-11-04
SPK1181,4.0,Portable and lightweight. Perfect for parties. Battery life is excellent.,2024-11-14
TV0484,3.5,Smart interface works smoothly.,2024-12-22
LP1392,4.0,Perfect for work and gaming. Keyboard feels premium.,2024-09-24
LP1132,3.5,Perfect for work and gaming.,2024-12-29
SPK1940,3.5,Easy to pair with devices.,2024-09-24
SP0826,4.0,Great build quality.,2024-12-13
LP0781,3.5,Keyboard feels premium. Battery life is excellent.,2024-10-26
SP0991,4.0,Great build quality.,2024-11-28
LP0174,5.0,Build quality is excellent. Display is crystal clear.,2024-12-23
SPK1804,4.0,Portable and lightweight.,2025-02-10
SPK0836,4.0,Perfect for parties.,2024-09-20
SP0257,3.5,Amazing value for money. Performance is snappy. Great build quality.,2024-11-05
SP0735,4.0,Amazing value for money. Battery lasts all day.,2025-02-22
LP1310,4.0,Stays cool under heavy load. Perfect for work and gaming. Keyboard feels premium.,2024-09-26
SP0847,4.5,Face recognition works perfectly. Battery lasts all day. Performance is snappy.,2024-12-19
SP1659,3.5,Face recognition works perfectly. Battery lasts all day.,2024-12-10
SP1230,4.5,Screen is beautiful. Great build quality. Performance is snappy.,2024-12-14
SPK1164,3.5,Clear audio at high volumes. Battery life is excellent. Perfect for parties.,2024-10-08
TV0544,3.0,Poor viewing angles. Smart features are laggy. Customer support is terrible.,2024-12-22
LP1178,4.5,Keyboard feels premium. Perfect for work and gaming.,2024-09-05
TV1419,4.0,Great smart features. Perfect for my living room. Amazing value for money.,2025-01-28
TV0867,4.0,Sound quality is excellent. Easy to set up. Perfect for my living room.,2024-09-13
LP0971,4.0,Stays cool under heavy load.,2025-01-31
LP1423,4.0,Battery life is excellent. Build quality is excellent. Display is crystal clear.,2024-12-12
SPK0646,4.0,Sound quality is amazing.,2024-10-24
SP1589,5.0,Face recognition works perfectly. Amazing value for money.,2025-01-19
SP0888,2.5,Keeps freezing randomly.,2024-11-01
TV1418,3.5,Easy to set up. Sound quality is excellent.,2024-08-28
SP0787,3.0,Overheats while charging. Keeps freezing randomly.,2024-11-03
LP0104,4.0,Great performance for the price. Keyboard feels premium. Stays cool under heavy load.,2025-01-01
SPK0678,5.0,Portable and lightweight. Perfect for parties.,2024-11-19
SP1823,4.0,Performance is snappy. Battery lasts all day. Camera quality is outstanding.,2024-12-21
TV0792,4.5,Picture quality is amazing. Great smart features.,2024-12-23
SPK1876,3.5,Battery life is excellent. Easy to pair with devices. Perfect for parties.,2024-09-09
SP1919,3.5,Face recognition works perfectly. Great build quality.,2024-11-10
TV1936,4.5,Picture quality is amazing. Smart interface works smoothly. Great smart features.,2024-11-05
SP1669,2.5,Software is buggy.,2025-01-23
TV1157,3.5,Amazing value for money.,2024-12-19
TV0792,4.5,Sound quality is excellent.,2024-09-22
TV0933,4.5,Amazing value for money. The colors are vibrant. Picture quality is amazing.,2024-11-26
LP1335,5.0,Perfect for work and gaming. Stays cool under heavy load. Display is crystal clear.,2024-09-06
TV1581,4.5,Perfect for my living room.,2025-01-08
SP0930,3.5,Amazing value for money.,2025-02-03
LP0326,4.5,Perfect for work and gaming. Great performance for the price. Runs all my applications smoothly.,2025-01-12
LP1835,4.5,Stays cool under heavy load. Keyboard feels premium. Runs all my applications smoothly.,2025-02-16
TV1609,4.0,Easy to set up. Amazing value for money.,2024-11-22
TV1140,4.5,Amazing value for money. Sound quality is excellent. Smart interface works smoothly.,2024-11-06
LP1195,4.5,Stays cool under heavy load. Battery life is excellent. Great performance for the price.,2024-11-02
SP1535,3.0,Poor signal reception. Battery drains quickly. Overheats while charging.,2024-10-04
TV0671,3.0,Screen developed dead pixels. Customer support is terrible. Smart features are laggy.,2024-11-15
SPK1424,3.5,Battery life is excellent.,2024-12-07
SP0749,4.0,Amazing value for money. Face recognition works perfectly.,2024-10-06
SP0643,4.5,Face recognition works perfectly. Screen is beautiful. Fast charging is great.,2024-12-05
SPK0059,4.5,Perfect for parties. Build quality is solid.,2025-02-16
TV0992,4.0,Sound quality is excellent. Amazing value for money. Smart interface works smoothly.,2024-10-02
TV1443,4.0,Amazing value for money. Sound quality is excellent. Perfect for my living room.,2024-11-06
SPK0264,4.5,Easy to pair with devices. Clear audio at high volumes.,2024-09-24
SP1895,4.5,Performance is snappy. Battery lasts all day. Fast charging is great.,2024-12-28
SP1123,3.5,Camera quality is outstanding. Screen is beautiful.,2024-11-29
LP1843,4.0,Stays cool under heavy load.,2025-01-25
SP1954,5.0,Battery lasts all day. Screen is beautiful.,2024-12-04
LP0179,4.0,Display is crystal clear. Battery life is excellent. Keyboard feels premium.,2024-10-06
SPK0096,5.0,Portable and lightweight. Battery life is excellent. Clear audio at high volumes.,2024-09-13
SP1064,5.0,Fast charging is great. Screen is beautiful.,2025-02-04
TV0076,3.5,Great smart features. Sound quality is excellent. Perfect for my living room.,2025-02-16
SPK0638,4.0,Great bass response. Portable and lightweight. Battery life is excellent.,2024-09-07
LP0002,3.5,Stays cool under heavy load. Keyboard feels premium.,2024-10-31
TV0587,3.0,Screen developed dead pixels. Smart features are laggy. Sound quality is disappointing.,2024-11-24
SPK0628,4.0,Clear audio at high volumes.,2024-12-01
SP0930,4.0,Screen is beautiful. Great build quality. Performance is snappy.,2024-10-16
SP1531,4.5,Face recognition works perfectly.,2024-12-14
TV0151,4.5,Sound quality is excellent. Great smart features. Smart interface works smoothly.,2025-01-01
SPK0941,5.0,Perfect for parties.,2024-10-06
TV1091,4.5,Great smart features.,2025-01-02
SP1148,4.5,Fast charging is great. Battery lasts all day.,2024-11-10
SP1078,4.5,Battery lasts all day.,2024-09-30
SP0550,4.5,Screen is beautiful.,2024-11-17
SPK0546,3.0,Sound quality is mediocre. Bluetooth connection drops. Poor build quality.,2025-01-26
SPK0019,3.5,Perfect for parties.,2024-12-04
LP1603,3.5,Build quality is excellent. Great performance for the price. Keyboard feels premium.,2025-02-14
TV0508,4.0,Easy to set up. Smart interface works smoothly.,2025-01-26
LP0558,3.5,Battery life is excellent. Perfect for work and gaming. Display is crystal clear.,2025-01-05
SP1831,3.0,Keeps freezing randomly. Not worth the price.,2024-09-07
LP0918,4.0,Display is crystal clear. Keyboard feels premium.,2024-11-22
SPK0210,4.5,Build quality is solid. Easy to pair with devices.,2024-10-16
SP0311,4.0,Battery lasts all day.,2025-01-20
SPK1093,4.0,Easy to pair with devices. Perfect for parties.,2024-11-13
LP0778,4.5,Great performance for the price. Stays cool under heavy load.,2024-11-17
LP0790,5.0,Battery life is excellent. Stays cool under heavy load. Build quality is excellent.,2024-11-02
SPK0308,3.5,Easy to pair with devices. Battery life is excellent. Perfect for parties.,2024-10-27
SPK1662,4.0,Perfect for parties.,2024-11-10
TV0617,4.5,The colors are vibrant.,2024-11-03
TV0676,4.5,Smart interface works smoothly. Great smart features.,2024-09-27
SP0235,3.5,Screen is beautiful. Great build quality. Performance is snappy.,2025-01-26
SP0880,4.5,Battery lasts all day. Screen is beautiful. Performance is snappy.,2025-01-26
SP1859,4.0,Camera quality is outstanding.,2024-11-17
SPK0979,3.5,Perfect for parties. Battery life is excellent.,2025-01-06
SP1821,3.5,Fast charging is great. Camera quality is outstanding.,2024-12-26
LP1370,4.5,Display is crystal clear.,2024-09-07
SPK0490,3.5,Easy to pair with devices. Clear audio at high volumes.,2024-12-04
SPK1085,4.5,Portable and lightweight.,2024-09-29
TV1229,3.0,Sound quality is disappointing.,2024-12-12
SPK1444,3.5,Clear audio at high volumes. Sound quality is amazing.,2024-10-31
LP1947,4.5,Display is crystal clear. Runs all my applications smoothly.,2025-02-17
TV0430,4.0,The colors are vibrant. Smart interface works smoothly.,2024-09-21
SP0763,4.0,Performance is snappy. Face recognition works perfectly.,2024-09-10
SP1681,5.0,Fast charging is great. Camera quality is outstanding.,2024-10-04
SPK0130,3.0,Poor build quality. Distorts at high volume.,2024-09-26
LP1642,3.5,Runs all my applications smoothly. Stays cool under heavy load. Great performance for the price.,2025-02-05
TV0956,4.5,Easy to set up.,2024-10-31
TV0936,3.5,Picture quality is amazing. The colors are vibrant. Great smart features.,2024-11-21
SPK0780,4.0,Easy to pair with devices.,2024-09-27
SPK1639,4.5,Build quality is solid.,2024-09-15
TV1354,5.0,The colors are vibrant.,2025-01-28
LP1441,3.5,Build quality is excellent. Display is crystal clear.,2024-10-04
SP0381,4.0,Battery lasts all day.,2024-10-17
SPK1162,4.0,Easy to pair with devices. Build quality is solid.,2025-01-28
SPK1375,3.5,Perfect for parties.,2025-02-02
SPK0951,3.5,Portable and lightweight. Build quality is solid.,2024-09-17
LP1286,4.0,Build quality is excellent.,2024-08-28
TV1256,3.5,Smart interface works smoothly.,2025-01-30
TV1953,5.0,Sound quality is excellent.,2025-02-21
TV1741,4.0,Sound quality is excellent. Easy to set up. Smart interface works smoothly.,2024-09-02
SPK1381,4.5,Portable and lightweight. Great bass response. Build quality is solid.,2025-02-13
SPK0500,5.0,Portable and lightweight. Great bass response.,2024-11-05
LP0070,5.0,Keyboard feels premium. Runs all my applications smoothly.,2025-01-13
LP0333,4.0,Battery life is excellent.,2024-08-30
LP1709,4.0,Great performance for the price.,2025-01-26
TV0493,3.5,Easy to set up. Amazing value for money. Smart interface works smoothly.,2024-08-29
LP1048,4.0,Build quality is excellent. Keyboard feels premium.,2024-12-11
SP0511,3.5,Face recognition works perfectly. Amazing value for money. Camera quality is outstanding.,2024-12-01
SP1765,4.5,Fast charging is great. Battery lasts all day.,2024-11-11
TV1347,3.5,Great smart features. Smart interface works smoothly. Perfect for my living room.,2024-09-26
SP0385,3.5,Fast charging is great.,2025-01-23
SPK0908,4.5,Easy to pair with devices. Sound quality is amazing. Battery life is excellent.,2024-12-12
SPK1150,3.5,Portable and lightweight.,2024-09-11
TV0157,3.5,Sound quality is excellent.,2024-09-16
TV0828,4.0,Amazing value for money.,2025-02-12
SP1433,4.0,Battery lasts all day.,2024-09-20
SPK1793,4.0,Perfect for parties.,2024-11-28
SPK1820,3.5,Clear audio at high volumes. Easy to pair with devices.,2024-08-26
SPK0804,3.0,Distorts at high volume.,2024-09-05
LP1946,4.0,Build quality is excellent.,2025-01-27
SPK0253,4.5,Portable and lightweight. Build quality is solid. Great bass response.,2025-01-08
TV0699,5.0,Picture quality is amazing. The colors are vibrant.,2025-02-14
SP1681,4.5,Amazing value for money. Battery lasts all day. Performance is snappy.,2024-10-22
LP1896,3.5,Display is crystal clear. Stays cool under heavy load.,2025-02-05
SPK0139,3.5,Easy to pair with devices. Perfect for parties.,2024-11-24
LP1746,4.0,Great performance for the price. Stays cool under heavy load. Runs all my applications smoothly.,2024-11-13
TV1118,4.5,The colors are vibrant. Amazing value for money. Sound quality is excellent.,2025-02-02
SPK0490,4.5,Clear audio at high volumes.,2025-01-14
SP0693,4.5,Screen is beautiful. Fast charging is great.,2024-11-12
SPK0773,4.0,Easy to pair with devices.,2024-11-02
SP1148,4.5,Screen is beautiful. Amazing value for money. Camera quality is outstanding.,2024-09-15
SPK1424,3.5,Portable and lightweight.,2025-01-02
SP1768,4.5,Amazing value for money. Screen is beautiful.,2024-10-14
SP0511,3.5,Performance is snappy. Great build quality. Screen is beautiful.,2024-10-14
LP0630,4.0,Display is crystal clear. Stays cool under heavy load. Battery life is excellent.,2024-11-27
SP1972,3.0,Software is buggy. Overheats while charging.,2024-08-31
LP1459,4.0,Great performance for the price. Battery life is excellent.,2025-02-05
SPK0728,3.5,Sound quality is amazing.,2024-11-14
LP1853,3.5,Runs all my applications smoothly.,2024-12-03
SPK0604,5.0,Perfect for parties.,2025-01-23
SP1650,4.0,Face recognition works perfectly.,2024-12-15
SP1711,4.0,Face recognition works perfectly. Camera quality is outstanding.,2024-10-20
LP0254,4.0,Keyboard feels premium.,2025-02-11
SPK0890,4.0,Great bass response. Perfect for parties.,2024-09-02
SPK0163,4.5,Easy to pair with devices. Great bass response.,2024-11-16
SP1758,3.0,Not worth the price.,2025-02-08
SP0244,5.0,Battery lasts all day. Amazing value for money. Fast charging is great.,2024-09-24
TV1786,3.5,Great smart features. Smart interface works smoothly. The colors are vibrant.,2024-09-10
SPK0409,4.5,Portable and lightweight. Clear audio at high volumes.,2024-09-21
TV1041,3.5,Picture quality is amazing. Perfect for my living room. Sound quality is excellent.,2024-12-02
LP1901,4.5,Keyboard feels premium. Battery life is excellent. Perfect for work and gaming.,2025-02-04
SPK0096,4.0,Easy to pair with devices.,2024-10-11
SP1613,3.5,Camera quality is outstanding. Fast charging is great. Performance is snappy.,2024-11-17
LP1714,2.5,Keyboard started malfunctioning. Runs hot under load.,2024-09-14
LP1989,4.5,Battery life is excellent. Perfect for work and gaming.,2025-01-08
TV0396,3.5,Smart interface works smoothly. Picture quality is amazing. Perfect for my living room.,2024-09-30
LP1881,4.5,Battery life is excellent. Great performance for the price. Perfect for work and gaming.,2024-11-13
LP1861,4.0,Display is crystal clear. Stays cool under heavy load.,2025-02-07
SP1850,4.5,Battery lasts all day. Face recognition works perfectly. Fast charging is great.,2024-09-13
SPK0941,3.0,Charging port stopped working. Distorts at high volume. Poor build quality.,2024-09-12
LP1206,4.0,Perfect for work and gaming. Battery life is excellent.,2025-02-04
TV1847,4.0,Easy to set up. Great smart features.,2024-12-05
SPK0829,4.0,Sound quality is amazing. Easy to pair with devices. Great bass response.,2025-02-12
SPK1339,4.5,Sound quality is amazing.,2024-11-21
TV0711,4.0,Amazing value for money. Smart interface works smoothly. Picture quality is amazing.,2025-01-21
SPK1683,4.5,Great bass response.,2025-02-16
LP1676,4.0,Runs all my applications smoothly. Display is crystal clear. Stays cool under heavy load.,2024-12-19
LP1734,4.0,Stays cool under heavy load.,2024-12-30
SP1089,3.5,Screen is beautiful. Fast charging is great. Camera quality is outstanding.,2024-11-29
LP1043,3.5,Stays cool under heavy load. Runs all my applications smoothly.,2025-02-19
SPK0160,4.0,Sound quality is amazing.,2024-09-13
SP1155,4.0,Amazing value for money.,2024-11-17
LP0002,3.5,Battery life is excellent. Great performance for the price.,2025-01-01
SP1681,4.0,Performance is snappy. Fast charging is great.,2024-09-05
SPK1243,3.5,Sound quality is amazing.,2024-11-22
SP0044,3.0,Keeps freezing randomly. Overheats while charging. Not worth the price.,2024-08-29
TV0123,4.0,Smart interface works smoothly. The colors are vibrant. Great smart features.,2024-11-29
LP1654,3.5,Runs all my applications smoothly. Build quality is excellent.,2024-12-27
SPK1210,4.0,Sound quality is amazing.,2024-12-24
TV0559,4.0,Smart interface works smoothly. Amazing value for money.,2025-01-13
SP1923,4.5,Camera quality is outstanding. Great build quality.,2025-01-31
SP1707,4.0,Fast charging is great.,2025-02-04
SP1078,3.0,Camera quality is poor.,2025-02-21
SPK1127,3.5,Clear audio at high volumes. Great bass response.,2025-01-13
LP1326,3.5,Build quality is excellent.,2024-12-02
SPK1444,3.0,Bass is weak. Sound quality is mediocre. Battery dies quickly.,2024-08-28
SP0734,4.5,Performance is snappy. Amazing value for money.,2024-10-07
LP0008,3.5,Stays cool under heavy load. Keyboard feels premium.,2025-02-12
SPK0610,5.0,Build quality is solid. Easy to pair with devices.,2025-02-12
LP1365,4.5,Build quality is excellent. Display is crystal clear.,2025-01-04
LP0167,4.5,Display is crystal clear. Battery life is excellent. Keyboard feels premium.,2024-12-14
SPK0773,4.0,Perfect for parties. Battery life is excellent.,2024-10-26
TV1818,5.0,Smart interface works smoothly. Sound quality is excellent. Amazing value for money.,2024-11-27
LP1264,4.0,Runs all my applications smoothly.,2024-10-07
TV1212,5.0,Amazing value for money.,2025-02-02
SP1257,4.5,Face recognition works perfectly. Fast charging is great. Performance is snappy.,2025-02-06
LP1005,4.0,Great performance for the price.,2024-09-18
SPK0368,4.0,Easy to pair with devices. Battery life is excellent. Clear audio at high volumes.,2024-10-26
SPK1181,3.5,Easy to pair with devices. Clear audio at high volumes.,2024-10-29
SPK0919,5.0,Perfect for parties. Build quality is solid. Battery life is excellent.,2024-11-13
LP0970,4.0,Keyboard feels premium.,2024-09-01
SP0622,4.5,Amazing value for money. Performance is snappy.,2025-01-04
TV1411,3.0,Poor viewing angles. Smart features are laggy.,2024-10-13
SP0883,4.0,Great build quality. Performance is snappy.,2025-01-14
LP0751,3.5,Stays cool under heavy load. Great performance for the price. Battery life is excellent.,2024-10-24
SPK0762,5.0,Clear audio at high volumes. Great bass response. Perfect for parties.,2024-11-19
SP0382,4.5,Battery lasts all day. Face recognition works perfectly. Performance is snappy.,2025-01-29
SPK0056,4.5,Clear audio at high volumes.,2024-11-09
TV0797,3.0,Started flickering after few months. Sound quality is disappointing.,2024-12-27
SP0738,4.0,Battery lasts all day.,2025-01-03
TV1631,3.5,Amazing value for money. Easy to set up.,2024-12-18
TV1809,3.5,Great smart features. Picture quality is amazing. Easy to set up.,2024-12-04
TV0191,3.5,Picture quality is amazing. Perfect for my living room. Great smart features.,2024-12-20
SPK0584,4.5,Sound quality is amazing.,2025-02-08
SPK0710,2.5,Battery dies quickly. Charging port stopped working.,2024-08-27
LP1397,4.0,Build quality is excellent. Display is crystal clear. Battery life is excellent.,2025-02-03
SP0219,4.5,Camera quality is outstanding.,2024-11-30
TV0911,3.5,Picture quality is amazing. Amazing value for money.,2024-09-05
SPK1351,3.0,Bluetooth connection drops. Sound quality is mediocre. Charging port stopped working.,2024-10-09
LP1729,4.5,Great performance for the price. Battery life is excellent. Perfect for work and gaming.,2024-10-23
SPK1971,4.0,Clear audio at high volumes.,2025-01-13
LP0631,5.0,Display is crystal clear. Stays cool under heavy load.,2024-10-11
LP0031,5.0,Battery life is excellent. Build quality is excellent. Stays cool under heavy load.,2025-02-18
SPK0312,3.0,Not loud enough. Bluetooth connection drops.,2024-12-18
TV0417,2.5,Customer support is terrible. Remote control stopped working.,2025-02-20
TV1187,3.5,Easy to set up.,2024-10-03
TV1815,5.0,Amazing value for money. Picture quality is amazing.,2024-11-20
TV1317,4.0,The colors are vibrant.,2025-01-27
LP1264,3.5,Battery life is excellent. Stays cool under heavy load. Display is crystal clear.,2024-11-21
SPK0409,3.5,Build quality is solid.,2024-12-13
LP0002,4.5,Display is crystal clear. Stays cool under heavy load.,2024-09-08
SP0897,4.0,Screen is beautiful.,2024-10-28
SPK0841,5.0,Perfect for parties.,2025-01-27
LP0412,3.5,Keyboard feels premium. Perfect for work and gaming.,2025-01-02
LP1005,4.0,Display is crystal clear.,2024-11-09
SPK0755,3.5,Build quality is solid.,2024-12-03
SPK0808,4.0,Clear audio at high volumes. Portable and lightweight.,2024-10-16
SP1972,5.0,Screen is beautiful.,2024-10-09
TV1558,5.0,Picture quality is amazing. Amazing value for money.,2024-10-19
LP1132,4.0,Stays cool under heavy load. Display is crystal clear.,2024-12-12
LP0141,5.0,Stays cool under heavy load. Keyboard feels premium. Runs all my applications smoothly.,2024-12-26
TV0596,3.5,The colors are vibrant.,2025-01-28
SPK1695,3.0,Bluetooth connection drops. Charging port stopped working. Poor build quality.,2024-11-27
SP1705,3.0,Poor signal reception.,2025-02-11
LP0657,4.0,Display is crystal clear. Keyboard feels premium.,2025-02-17
LP0304,5.0,Perfect for work and gaming.,2025-01-08
TV1532,4.5,Smart interface works smoothly. Amazing value for money. Sound quality is excellent.,2024-12-18
TV1912,4.5,Perfect for my living room. The colors are vibrant. Sound quality is excellent.,2024-11-13
SPK0914,5.0,Clear audio at high volumes.,2024-11-15
SPK0566,4.5,Sound quality is amazing. Build quality is solid. Perfect for parties.,2025-01-31
TV0987,3.5,Perfect for my living room.,2024-10-29
SPK1316,4.5,Perfect for parties. Battery life is excellent.,2024-11-19
SPK1832,3.0,Charging port stopped working. Sound quality is mediocre. Distorts at high volume.,2025-01-26
SPK1020,4.5,Build quality is solid.,2024-11-21
TV0310,3.5,Picture quality is amazing. Smart interface works smoothly. Amazing value for money.,2025-01-01
TV1685,4.0,Great smart features. Amazing value for money. Picture quality is amazing.,2024-12-26
TV0185,2.5,Customer support is terrible.,2024-10-31
LP0549,4.0,Great performance for the price. Runs all my applications smoothly. Keyboard feels premium.,2024-09-06
LP1881,5.0,Build quality is excellent. Perfect for work and gaming. Great performance for the price.,2024-11-27
LP1145,4.5,Battery life is excellent. Runs all my applications smoothly.,2024-12-15
LP1974,4.5,Display is crystal clear. Build quality is excellent. Perfect for work and gaming.,2024-09-17
SP1543,3.5,Camera quality is outstanding. Performance is snappy.,2024-09-15
LP0997,4.0,Perfect for work and gaming. Battery life is excellent. Keyboard feels premium.,2024-11-28
TV1407,3.5,Great smart features. Perfect for my living room.,2024-12-31
LP1512,3.5,Battery life is excellent. Build quality is excellent.,2024-12-15
LP0603,4.0,Build quality is excellent. Runs all my applications smoothly. Display is crystal clear.,2025-02-20
SPK0988,4.5,Great bass response. Build quality is solid.,2024-11-02
SP1155,4.0,Amazing value for money.,2025-02-15
LP0970,4.0,Battery life is excellent. Runs all my applications smoothly.,2024-11-03
TV1644,4.0,Easy to set up. Perfect for my living room. Smart interface works smoothly.,2024-10-12
TV1041,4.0,Perfect for my living room.,2024-10-14
TV1834,4.5,Great smart features. Picture quality is amazing. Smart interface works smoothly.,2024-09-17
SPK0824,4.5,Portable and lightweight. Battery life is excellent.,2024-10-19
LP1905,2.5,Slow boot times.,2024-10-19
SP0434,3.5,Battery lasts all day. Camera quality is outstanding. Face recognition works perfectly.,2024-11-05
TV1992,4.0,Great smart features. Sound quality is excellent. Amazing value for money.,2024-09-03
SPK1795,4.0,Perfect for parties.,2024-10-19
SPK1585,4.0,Clear audio at high volumes.,2024-12-08
SP1233,4.5,Fast charging is great. Performance is snappy.,2024-11-13
TV1215,4.5,Easy to set up. Amazing value for money. Picture quality is amazing.,2025-02-17
LP1975,3.5,Battery life is excellent. Runs all my applications smoothly. Stays cool under heavy load.,2024-09-28
TV1082,4.0,Amazing value for money. The colors are vibrant.,2024-09-23
LP1537,4.0,Battery life is excellent. Stays cool under heavy load.,2024-10-19
LP1588,3.5,Runs all my applications smoothly.,2025-02-17
SPK0686,3.5,Sound quality is amazing.,2025-02-11
SPK1006,4.5,Perfect for parties. Clear audio at high volumes. Easy to pair with devices.,2024-12-06
LP0293,4.0,Great performance for the price. Stays cool under heavy load.,2025-02-20
TV0484,4.5,Smart interface works smoothly.,2024-12-13
SP1611,4.0,Screen is beautiful.,2024-09-11
TV0828,4.0,Perfect for my living room. Smart interface works smoothly. Amazing value for money.,2025-01-02
LP1330,3.5,Perfect for work and gaming. Runs all my applications smoothly. Battery life is excellent.,2024-11-23
LP1345,5.0,Build quality is excellent. Stays cool under heavy load.,2024-09-02
SP1349,5.0,Performance is snappy. Screen is beautiful.,2024-11-25
SP0365,3.5,Amazing value for money. Battery lasts all day. Camera quality is outstanding.,2024-11-15
LP1066,4.0,Battery life is excellent. Great performance for the price.,2024-11-26
SP1590,5.0,Screen is beautiful. Fast charging is great. Performance is snappy.,2024-11-11
SPK1529,3.0,Bluetooth connection drops. Bass is weak.,2024-11-22
LP0515,4.0,Build quality is excellent.,2024-09-28
TV1390,4.5,Amazing value for money. The colors are vibrant. Perfect for my living room.,2024-12-11
LP0887,4.5,Perfect for work and gaming. Display is crystal clear.,2024-12-05
LP1362,4.0,Keyboard feels premium.,2024-09-24
TV0508,3.0,Poor viewing angles. Smart features are laggy.,2025-02-16
SPK0974,3.5,Easy to pair with devices. Perfect for parties. Portable and lightweight.,2025-01-18
SPK0562,3.5,Clear audio at high volumes. Battery life is excellent. Portable and lightweight.,2024-11-22
TV1524,3.5,Smart interface works smoothly. Amazing value for money. Easy to set up.,2024-12-14
TV1271,3.0,Sound quality is disappointing. WiFi connectivity issues.,2024-12-04
LP0634,3.5,Battery life is excellent.,2025-01-14
LP1414,3.5,Stays cool under heavy load. Perfect for work and gaming.,2025-01-06
SP0583,3.5,Camera quality is outstanding. Screen is beautiful. Performance is snappy.,2024-11-09
SPK0965,5.0,Battery life is excellent. Easy to pair with devices.,2024-12-14
LP0594,4.0,Battery life is excellent.,2024-11-02
TV1951,4.5,Perfect for my living room. Sound quality is excellent. Easy to set up.,2024-12-17
LP1958,4.0,Great performance for the price. Stays cool under heavy load. Build quality is excellent.,2025-01-20
LP0373,3.5,Display is crystal clear. Perfect for work and gaming.,2025-01-19
LP0480,5.0,Display is crystal clear. Runs all my applications smoothly. Great performance for the price.,2025-01-04
SP0488,4.5,Great build quality.,2024-12-29
SP1653,4.0,Battery lasts all day. Performance is snappy. Camera quality is outstanding.,2024-09-09
LP1988,3.5,Runs all my applications smoothly. Great performance for the price.,2025-02-17
LP1901,3.5,Build quality is excellent. Perfect for work and gaming.,2024-08-30
SP1813,4.5,Amazing value for money.,2024-12-28
SP1393,3.5,Camera quality is outstanding.,2024-11-13
LP1262,4.0,Battery life is excellent. Display is crystal clear. Build quality is excellent.,2025-02-18
SPK0487,4.5,Easy to pair with devices.,2024-11-17
LP0440,4.0,Battery life is excellent. Keyboard feels premium. Display is crystal clear.,2024-12-20
TV1957,4.5,Sound quality is excellent. Amazing value for money. The colors are vibrant.,2024-10-11
LP1977,3.0,Fan is very noisy. Trackpad is unresponsive.,2024-09-26
TV1143,4.5,Great smart features. Easy to set up. Amazing value for money.,2024-09-21
SP1932,4.5,Fast charging is great.,2024-10-15
TV0513,4.5,Smart interface works smoothly.,2024-12-04
SPK1938,3.5,Perfect for parties.,2024-11-01
LP1505,3.0,Too heavy to carry around. Screen has backlight bleeding. Battery dies quickly.,2024-12-13
TV0978,4.0,Smart interface works smoothly. The colors are vibrant.,2024-09-22
TV1039,3.0,Screen developed dead pixels. Smart features are laggy.,2025-01-18
TV0143,3.5,Easy to set up. Amazing value for money.,2024-09-09
SP0229,3.5,Fast charging is great. Screen is beautiful.,2024-11-04
SPK0327,5.0,Clear audio at high volumes. Portable and lightweight. Battery life is excellent.,2024-11-04
TV0416,3.5,Picture quality is amazing.,2025-01-11
SP1044,3.5,Amazing value for money.,2024-10-24
TV1997,4.5,Picture quality is amazing.,2024-09-08
SPK1455,3.5,Battery life is excellent. Easy to pair with devices. Sound quality is amazing.,2025-01-08
SP0488,3.5,Amazing value for money. Battery lasts all day.,2024-10-27
SPK1181,4.5,Portable and lightweight.,2024-10-27
LP1325,4.5,Perfect for work and gaming. Stays cool under heavy load.,2024-11-06
TV1661,4.5,Amazing value for money.,2024-11-22
LP1274,4.0,Runs all my applications smoothly. Stays cool under heavy load. Great performance for the price.,2024-12-25
SPK0963,4.5,Perfect for parties. Easy to pair with devices.,2025-01-26
SPK0952,3.5,Great bass response. Clear audio at high volumes.,2025-02-10
LP1178,4.5,Build quality is excellent.,2024-10-30
SP1314,4.0,Battery lasts all day. Camera quality is outstanding. Face recognition works perfectly.,2024-09-03
LP0560,4.0,Build quality is excellent. Stays cool under heavy load. Perfect for work and gaming.,2024-11-13
SP0252,4.5,Great build quality.,2024-10-13
LP1766,4.0,Runs all my applications smoothly. Build quality is excellent.,2024-10-03
TV0427,4.5,Easy to set up.,2025-01-19
SP1523,3.5,Battery lasts all day.,2025-02-05
LP0150,3.5,Keyboard feels premium.,2024-10-29
SPK0727,5.0,Build quality is solid. Battery life is excellent.,2024-11-23
TV1630,4.0,Sound quality is excellent. Smart interface works smoothly.,2024-09-15
SP1472,4.0,Fast charging is great.,2024-10-29
LP0418,4.5,Battery life is excellent. Display is crystal clear.,2024-10-21
TV1283,4.0,Amazing value for money.,2024-11-19
SP1919,4.5,Performance is snappy. Fast charging is great.,2025-01-01
TV1750,3.5,Picture quality is amazing.,2024-11-23
SP1416,4.5,Performance is snappy. Camera quality is outstanding.,2024-11-23
TV0321,4.0,Smart interface works smoothly. Sound quality is excellent. Great smart features.,2024-12-16
LP0725,4.5,Great performance for the price. Keyboard feels premium. Perfect for work and gaming.,2024-12-04
LP1459,5.0,Great performance for the price. Build quality is excellent. Stays cool under heavy load.,2024-09-14
SP0518,4.0,Great build quality. Face recognition works perfectly. Screen is beautiful.,2024-10-26
SPK1128,4.0,Sound quality is amazing. Great bass response.,2024-10-17
TV1579,5.0,Picture quality is amazing. Easy to set up. Great smart features.,2025-01-04
LP1502,4.0,Stays cool under heavy load. Great performance for the price.,2024-09-20
LP0903,3.5,Stays cool under heavy load. Perfect for work and gaming.,2024-12-06
SP0571,4.0,Battery lasts all day. Performance is snappy. Amazing value for money.,2024-10-12
LP1641,3.5,Build quality is excellent. Runs all my applications smoothly. Great performance for the price.,2025-01-31
SPK1779,4.0,Build quality is solid. Portable and lightweight. Clear audio at high volumes.,2024-09-16
SP1681,3.5,Amazing value for money. Fast charging is great. Screen is beautiful.,2024-10-11
TV1614,5.0,Amazing value for money. Easy to set up.,2024-12-07
LP0358,4.0,Battery life is excellent. Perfect for work and gaming. Runs all my applications smoothly.,2025-02-13
SPK0638,3.5,Sound quality is amazing. Clear audio at high volumes. Great bass response.,2024-11-04
SPK0173,4.0,Portable and lightweight. Great bass response. Battery life is excellent.,2025-01-15
LP1961,4.0,Runs all my applications smoothly.,2025-01-03
LP1209,3.5,Stays cool under heavy load. Battery life is excellent. Display is crystal clear.,2024-10-05
SPK0743,4.5,Perfect for parties.,2024-10-22
TV0871,4.0,Picture quality is amazing.,2024-08-27
LP0023,4.0,Build quality is excellent. Great performance for the price. Stays cool under heavy load.,2024-09-18
SPK0512,3.0,Bass is weak. Bluetooth connection drops. Distorts at high volume.,2024-10-04
TV0038,4.0,Perfect for my living room.,2024-10-14
TV1819,3.5,The colors are vibrant. Amazing value for money.,2024-09-08
SPK1170,4.0,Sound quality is amazing. Portable and lightweight. Build quality is solid.,2024-08-30
SPK0180,4.0,Sound quality is amazing.,2025-02-11
SPK1527,3.5,Perfect for parties.,2025-01-09
SPK1415,4.0,Battery life is excellent. Clear audio at high volumes.,2025-01-24
TV0867,4.5,Great smart features. Easy to set up.,2024-12-01
LP0358,5.0,Runs all my applications smoothly.,2024-12-14
TV0431,3.5,Picture quality is amazing.,2024-10-31
TV1458,4.5,Smart interface works smoothly. Picture quality is amazing.,2024-10-10
SPK0965,4.5,Perfect for parties. Easy to pair with devices. Build quality is solid.,2024-10-15
SP0149,5.0,Battery lasts all day.,2024-12-24
SP0311,4.0,Amazing value for money.,2024-11-22
SPK0794,4.5,Easy to pair with devices. Sound quality is amazing. Clear audio at high volumes.,2024-08-27
LP0300,3.5,Great performance for the price. Build quality is excellent. Perfect for work and gaming.,2024-11-13
SP0126,4.0,Great build quality. Camera quality is outstanding. Amazing value for money.,2024-12-09
TV1999,4.0,Easy to set up. Great smart features.,2024-12-16
LP0649,4.5,Build quality is excellent.,2024-11-27
SP1707,3.0,Battery drains quickly. Poor signal reception. Software is buggy.,2024-10-20
LP0375,4.0,Build quality is excellent.,2025-02-08
LP1810,4.5,Battery life is excellent.,2024-08-29
SP0879,4.0,Battery lasts all day.,2025-01-13
TV1815,3.0,Poor viewing angles.,2024-09-28
SP0779,4.0,Face recognition works perfectly. Camera quality is outstanding. Battery lasts all day.,2024-09-10
SPK1619,5.0,Perfect for parties.,2024-10-28
TV1953,4.0,Perfect for my living room. Great smart features. Sound quality is excellent.,2024-09-11
SP0693,4.0,Camera quality is outstanding. Performance is snappy.,2024-12-09
SPK0538,4.5,Battery life is excellent. Great bass response.,2024-12-22
TV0840,4.0,Smart interface works smoothly.,2024-09-01
SP0803,3.5,Screen is beautiful. Performance is snappy. Amazing value for money.,2024-12-16
SP1044,3.0,Poor signal reception. Software is buggy.,2024-10-06
LP0726,3.5,Display is crystal clear.,2025-01-14
LP1209,5.0,Build quality is excellent. Runs all my applications smoothly. Stays cool under heavy load.,2024-08-28
SP1856,3.0,Touch screen issues. Battery drains quickly. Software is buggy.,2025-02-16
LP0722,4.0,Runs all my applications smoothly. Stays cool under heavy load.,2024-10-27
TV0061,3.5,Smart interface works smoothly. Amazing value for money. Picture quality is amazing.,2025-02-13
TV0544,3.5,Sound quality is excellent. Easy to set up.,2024-11-12
SP0545,4.5,Screen is beautiful. Camera quality is outstanding.,2024-10-09
TV0231,4.5,The colors are vibrant.,2024-10-20
SP1108,4.5,Great build quality. Amazing value for money. Battery lasts all day.,2025-02-06
TV0063,4.5,Perfect for my living room. The colors are vibrant.,2025-02-17
SP1328,3.5,Amazing value for money. Camera quality is outstanding.,2024-10-31
TV0277,4.5,Perfect for my living room.,2025-02-02
TV0800,3.0,Poor viewing angles. Smart features are laggy. Started flickering after few months.,2024-10-03
LP1736,3.0,Slow boot times. Trackpad is unresponsive.,2024-12-19
LP1149,4.0,Display is crystal clear. Battery life is excellent. Great performance for the price.,2024-11-28
SPK0298,3.5,Easy to pair with devices. Battery life is excellent.,2024-11-22
TV1511,3.5,Smart interface works smoothly. Sound quality is excellent.,2025-02-11
SPK1133,5.0,Perfect for parties. Battery life is excellent.,2025-01-27
SPK0519,4.0,Battery life is excellent.,2024-11-07
SPK1232,3.5,Battery life is excellent. Build quality is solid. Great bass response.,2025-01-29
TV1719,4.0,Great smart features. Sound quality is excellent. Picture quality is amazing.,2025-01-04
LP0887,3.5,Build quality is excellent.,2024-11-03
LP1376,3.5,Great performance for the price. Build quality is excellent. Stays cool under heavy load.,2024-09-19
SP0645,3.0,Not worth the price. Keeps freezing randomly.,2024-09-22
SP1320,3.5,Screen is beautiful. Battery lasts all day. Camera quality is outstanding.,2025-01-29
TV1462,3.5,Smart interface works smoothly. The colors are vibrant.,2024-12-28
SPK0841,3.5,Great bass response.,2025-01-13
SP1705,4.5,Amazing value for money. Screen is beautiful. Battery lasts all day.,2024-12-23
SPK0456,3.5,Build quality is solid. Battery life is excellent. Sound quality is amazing.,2024-11-17
SP1543,4.0,Battery lasts all day.,2025-01-25
SP0818,4.0,Great build quality. Camera quality is outstanding. Face recognition works perfectly.,2024-11-27
SPK0945,4.5,Easy to pair with devices. Great bass response.,2024-09-21
SPK0092,3.5,Battery life is excellent. Perfect for parties. Clear audio at high volumes.,2024-08-30
SP0709,3.5,Fast charging is great. Face recognition works perfectly.,2025-01-06
SPK0173,4.5,Battery life is excellent.,2024-12-04
TV0541,3.5,Amazing value for money.,2025-01-24
SP1045,4.5,Camera quality is outstanding. Screen is beautiful.,2025-01-02
TV0999,4.5,Easy to set up.,2024-09-22
SP1109,4.0,Screen is beautiful.,2024-10-03
SP1868,5.0,Screen is beautiful. Great build quality. Fast charging is great.,2024-10-30
SPK0951,4.5,Battery life is excellent. Build quality is solid. Great bass response.,2024-10-30
SP1949,4.5,Camera quality is outstanding.,2024-11-03
LP1981,4.0,Keyboard feels premium. Runs all my applications smoothly.,2024-10-26
SPK0438,3.0,Battery dies quickly. Charging port stopped working.,2024-12-13
SP1620,3.5,Screen is beautiful. Amazing value for money. Performance is snappy.,2024-11-14
TV1171,3.5,Amazing value for money.,2024-12-22
SP0514,3.5,Battery lasts all day.,2025-01-28
SPK0105,3.5,Battery life is excellent.,2024-09-19
SPK1127,4.5,Portable and lightweight. Easy to pair with devices.,2024-10-13
LP1512,4.0,Great performance for the price. Build quality is excellent. Battery life is excellent.,2024-08-27
SP0898,3.5,Screen is beautiful. Fast charging is great.,2025-02-02
SP1045,4.0,Amazing value for money. Camera quality is outstanding.,2024-12-16
LP1372,4.5,Keyboard feels premium. Display is crystal clear. Runs all my applications smoothly.,2025-01-14
SPK1243,4.0,Build quality is solid. Portable and lightweight.,2025-01-19
TV0245,3.5,Great smart features.,2024-12-13
TV1011,4.0,Amazing value for money.,2025-02-06
SPK0056,4.0,Easy to pair with devices. Sound quality is amazing.,2024-08-30
SP0045,3.5,Amazing value for money. Screen is beautiful.,2024-09-24
SPK1884,4.5,Sound quality is amazing. Clear audio at high volumes.,2024-10-18
SPK0727,3.5,Build quality is solid. Sound quality is amazing. Easy to pair with devices.,2024-12-20
LP1545,3.5,Build quality is excellent. Great performance for the price. Stays cool under heavy load.,2024-10-08
SP1538,3.5,Screen is beautiful. Fast charging is great.,2025-02-04
LP0909,5.0,Keyboard feels premium. Stays cool under heavy load. Perfect for work and gaming.,2025-01-14
SP1307,3.5,Great build quality.,2024-10-31
LP0373,4.5,Great performance for the price. Build quality is excellent. Keyboard feels premium.,2024-12-18
SP0434,3.5,Face recognition works perfectly. Camera quality is outstanding.,2024-11-03
SPK1243,4.5,Battery life is excellent.,2025-02-09
TV1425,5.0,The colors are vibrant. Sound quality is excellent. Smart interface works smoothly.,2024-11-04
SPK0870,4.5,Build quality is solid. Perfect for parties.,2024-08-27
LP0206,3.0,Keyboard started malfunctioning. Runs hot under load.,2025-01-10
LP1482,4.0,Keyboard feels premium.,2024-12-21
LP1147,3.5,Perfect for work and gaming. Battery life is excellent.,2024-10-16
SPK0728,3.5,Easy to pair with devices. Portable and lightweight.,2024-10-20
LP0358,4.0,Keyboard feels premium. Build quality is excellent. Runs all my applications smoothly.,2024-11-03
TV1774,4.0,Easy to set up. The colors are vibrant.,2025-01-17
LP1512,4.0,Stays cool under heavy load.,2024-09-08
SPK1172,3.0,Bass is weak. Not loud enough. Battery dies quickly.,2025-02-16
LP1282,4.0,Great performance for the price. Build quality is excellent.,2024-10-14
LP1430,4.0,Battery life is excellent. Great performance for the price.,2024-12-04
TV0661,4.0,Smart interface works smoothly. Sound quality is excellent.,2024-10-17
SP1257,5.0,Screen is beautiful.,2025-01-16
TV0277,3.5,Amazing value for money. Sound quality is excellent.,2024-10-17
SP1954,3.5,Great build quality. Amazing value for money. Fast charging is great.,2025-02-10
SP1500,4.0,Battery lasts all day.,2025-01-14
SP0149,3.0,Touch screen issues.,2025-02-20
TV0199,3.5,Great smart features.,2024-08-30
SP1771,4.0,Performance is snappy. Great build quality. Amazing value for money.,2024-09-26
SP0060,4.0,Screen is beautiful. Battery lasts all day. Performance is snappy.,2025-01-15
SPK0841,3.5,Battery life is excellent. Easy to pair with devices.,2025-01-08
LP1485,4.5,Keyboard feels premium. Build quality is excellent.,2024-09-21
SP1422,4.5,Performance is snappy. Amazing value for money. Face recognition works perfectly.,2024-12-26
SPK0982,3.5,Sound quality is amazing. Great bass response. Portable and lightweight.,2024-11-01
LP1024,4.5,Runs all my applications smoothly. Battery life is excellent. Keyboard feels premium.,2024-11-06
SP0062,3.5,Battery lasts all day.,2024-11-22
TV1534,3.0,Started flickering after few months. WiFi connectivity issues. Poor viewing angles.,2024-10-17
SP1761,4.0,Screen is beautiful.,2025-02-07
SPK1141,4.5,Easy to pair with devices.,2025-01-31
TV1957,3.5,Perfect for my living room. Amazing value for money.,2025-02-17
TV1760,4.5,The colors are vibrant.,2025-02-06
LP0917,4.0,Stays cool under heavy load.,2024-09-27
SP0706,4.0,Amazing value for money.,2024-10-23
SPK0033,4.5,Portable and lightweight.,2024-12-16
SPK1544,4.0,Perfect for parties.,2024-12-23
LP0091,4.5,Build quality is excellent.,2024-10-02
LP1362,4.0,Keyboard feels premium. Stays cool under heavy load. Great performance for the price.,2025-01-04
SPK1457,3.0,Not loud enough. Bass is weak.,2025-02-17
TV0430,4.0,Amazing value for money.,2024-12-04
SP0388,4.5,Screen is beautiful. Great build quality.,2024-11-30
LP1330,3.5,Keyboard feels premium. Build quality is excellent. Perfect for work and gaming.,2024-09-13
TV1772,3.5,Smart interface works smoothly. The colors are vibrant. Sound quality is excellent.,2024-10-27
SP1765,4.0,Camera quality is outstanding. Face recognition works perfectly.,2024-12-14
SPK1717,4.0,Sound quality is amazing. Great bass response.,2024-09-24
SPK1079,4.0,Sound quality is amazing. Build quality is solid.,2024-12-12
TV0371,3.5,Amazing value for money. The colors are vibrant. Sound quality is excellent.,2024-12-06
SPK0899,4.5,Build quality is solid.,2024-12-09
SP0088,3.5,Performance is snappy. Amazing value for money. Face recognition works perfectly.,2025-01-30
SP1575,4.5,Face recognition works perfectly. Camera quality is outstanding. Screen is beautiful.,2024-11-11
SP1555,3.5,Face recognition works perfectly. Performance is snappy. Battery lasts all day.,2025-01-07
SP1967,3.5,Performance is snappy.,2024-11-07
LP0469,4.5,Build quality is excellent. Great performance for the price.,2024-09-17
SP1718,4.5,Great build quality.,2024-12-31
SP0190,4.5,Performance is snappy. Battery lasts all day. Amazing value for money.,2024-12-10
SPK0284,4.5,Clear audio at high volumes.,2024-10-29
TV0559,4.0,Perfect for my living room. Sound quality is excellent. Great smart features.,2025-02-15
SPK1028,5.0,Easy to pair with devices. Great bass response. Clear audio at high volumes.,2025-02-12
SP0576,4.0,Face recognition works perfectly.,2024-11-05
TV0920,5.0,Smart interface works smoothly. Sound quality is excellent.,2024-09-30
SPK0557,3.5,Portable and lightweight. Great bass response.,2024-10-10
LP1587,4.0,Display is crystal clear.,2025-01-07
LP0412,4.0,Battery life is excellent.,2024-10-28
TV1579,4.5,Amazing value for money. The colors are vibrant. Easy to set up.,2024-10-29
SP0783,5.0,Face recognition works perfectly.,2025-02-22
SPK0180,4.0,Build quality is solid. Clear audio at high volumes.,2024-12-11
SP0252,4.5,Screen is beautiful. Battery lasts all day. Face recognition works perfectly.,2024-11-26
SPK1175,4.0,Easy to pair with devices.,2024-09-15
LP0903,3.5,Display is crystal clear. Build quality is excellent. Runs all my applications smoothly.,2024-11-06
TV0038,4.5,Smart interface works smoothly. Picture quality is amazing.,2024-09-18
SPK1281,3.0,Charging port stopped working. Battery dies quickly.,2025-01-29
TV1263,4.0,Amazing value for money.,2024-12-02
LP1873,5.0,Build quality is excellent. Display is crystal clear.,2024-09-29
TV0741,4.0,Sound quality is excellent.,2024-09-02
SPK0841,5.0,Portable and lightweight.,2024-11-15
LP1801,4.0,Stays cool under heavy load. Runs all my applications smoothly. Display is crystal clear.,2024-11-23
LP1805,4.5,Great performance for the price. Perfect for work and gaming. Display is crystal clear.,2024-11-27
LP1540,3.5,Build quality is excellent. Stays cool under heavy load.,2024-11-23
LP1137,4.5,Build quality is excellent. Runs all my applications smoothly.,2024-10-03
TV1074,3.5,Picture quality is amazing. Smart interface works smoothly.,2024-12-28
LP0467,3.5,Runs all my applications smoothly. Perfect for work and gaming.,2024-12-23
LP1871,4.5,Build quality is excellent. Battery life is excellent. Display is crystal clear.,2024-08-28
LP0066,4.0,Build quality is excellent.,2024-10-11
TV0851,4.5,Perfect for my living room.,2024-11-01
LP0548,3.5,Display is crystal clear.,2025-01-17
LP0217,3.5,Runs all my applications smoothly.,2024-10-21
SPK0696,2.5,Sound quality is mediocre. Not loud enough. Poor build quality.,2025-01-27
TV1553,4.5,Picture quality is amazing. Amazing value for money.,2024-09-28
TV0025,4.5,Perfect for my living room. Great smart features. Easy to set up.,2024-10-27
TV0535,4.0,Great smart features. Picture quality is amazing. Perfect for my living room.,2025-01-10
LP0457,4.5,Display is crystal clear. Stays cool under heavy load.,2025-01-11
LP0536,4.0,Perfect for work and gaming. Runs all my applications smoothly. Stays cool under heavy load.,2024-11-29
SPK0646,3.0,Charging port stopped working.,2025-02-09
SPK0794,4.0,Portable and lightweight. Sound quality is amazing.,2024-09-08
SP0721,3.5,Camera quality is outstanding.,2024-08-27
SP0700,3.5,Amazing value for money. Great build quality.,2024-12-23
SPK0253,4.0,Perfect for parties. Portable and lightweight.,2025-01-10
SPK1183,4.5,Build quality is solid. Sound quality is amazing. Portable and lightweight.,2024-12-03
TV1023,4.0,Sound quality is excellent. Smart interface works smoothly. Picture quality is amazing.,2024-11-26
LP0615,3.0,Battery dies quickly. Keyboard started malfunctioning.,2024-09-27
LP1442,4.5,Runs all my applications smoothly. Perfect for work and gaming. Stays cool under heavy load.,2024-10-26
SP1015,4.0,Amazing value for money. Screen is beautiful. Fast charging is great.,2024-12-31
TV1191,3.5,Picture quality is amazing. Easy to set up.,2024-11-07
SPK1800,4.5,Perfect for parties. Sound quality is amazing.,2024-08-30
SPK0239,4.0,Clear audio at high volumes. Sound quality is amazing. Battery life is excellent.,2024-10-23
SP0949,3.5,Battery lasts all day.,2025-01-30
TV1997,5.0,Perfect for my living room.,2024-08-31
SPK0836,4.5,Build quality is solid. Portable and lightweight.,2024-10-03
TV1443,3.5,Smart interface works smoothly. Great smart features.,2024-08-30
TV0185,4.5,Picture quality is amazing. Sound quality is excellent. Easy to set up.,2025-02-02
SP0453,3.5,Great build quality. Camera quality is outstanding. Fast charging is great.,2025-01-21
SPK0727,3.5,Great bass response. Easy to pair with devices. Perfect for parties.,2025-01-15
TV0245,3.5,The colors are vibrant. Amazing value for money. Smart interface works smoothly.,2024-10-06
LP1410,3.5,Display is crystal clear.,2025-01-04
SP0228,4.5,Face recognition works perfectly.,2024-11-13
LP0002,3.5,Battery life is excellent.,2024-11-29
SPK0012,4.0,Sound quality is amazing. Battery life is excellent.,2024-11-24
SP0067,5.0,Battery lasts all day.,2024-09-09
LP1909,3.0,Fan is very noisy. Slow boot times. Trackpad is unresponsive.,2025-01-04
TV1091,4.5,Perfect for my living room. Great smart features.,2025-01-26
TV1487,4.0,Sound quality is excellent.,2024-12-31
SPK0082,4.5,Perfect for parties. Easy to pair with devices. Portable and lightweight.,2024-09-25
LP1597,4.5,Stays cool under heavy load. Perfect for work and gaming.,2024-09-02
TV1346,4.0,Amazing value for money.,2024-12-09
LP1866,3.0,Fan is very noisy. Runs hot under load. Trackpad is unresponsive.,2024-11-04
SP0561,3.5,Screen is beautiful.,2024-10-19
SP0453,4.5,Performance is snappy.,2025-02-09
SP1437,3.0,Not worth the price. Software is buggy. Touch screen issues.,2024-12-25
SPK1292,4.0,Battery life is excellent.,2025-01-08
SP1651,4.5,Face recognition works perfectly.,2024-12-29
TV1528,5.0,Sound quality is excellent. Smart interface works smoothly. Perfect for my living room.,2025-01-02
SP1926,4.0,Fast charging is great. Great build quality. Performance is snappy.,2024-11-25
SPK1897,3.5,Easy to pair with devices.,2024-09-07
SP1155,4.0,Performance is snappy.,2024-09-04
LP0860,4.5,Great performance for the price. Runs all my applications smoothly. Build quality is excellent.,2025-02-03
TV0978,3.0,Smart features are laggy. Remote control stopped working. WiFi connectivity issues.,2024-09-04
SP1015,4.0,Performance is snappy. Amazing value for money.,2024-09-21
LP0353,5.0,Stays cool under heavy load.,2025-02-18
LP1117,4.5,Runs all my applications smoothly.,2024-09-28
LP1704,3.5,Keyboard feels premium. Build quality is excellent.,2024-12-21
TV0157,3.5,The colors are vibrant. Easy to set up.,2024-11-30
TV1187,4.5,Great smart features. Easy to set up.,2025-01-05
SPK0325,3.5,Battery life is excellent.,2024-11-10
TV0530,2.5,Remote control stopped working.,2025-01-04
SP0342,4.5,Screen is beautiful. Performance is snappy.,2025-01-02
LP0909,4.0,Great performance for the price.,2025-02-15
LP1632,4.5,Great performance for the price.,2024-11-27
SP0747,4.5,Great build quality.,2024-12-31
SPK0491,4.0,Build quality is solid. Perfect for parties.,2024-09-30
SPK1292,5.0,Perfect for parties.,2024-10-28
LP1195,4.5,Display is crystal clear.,2025-02-19
SP0252,5.0,Amazing value for money. Great build quality. Screen is beautiful.,2025-02-10
TV1521,4.5,Amazing value for money. The colors are vibrant. Perfect for my living room.,2024-10-30
SP0062,3.5,Fast charging is great. Battery lasts all day. Face recognition works perfectly.,2024-11-02
TV1725,3.5,Perfect for my living room. Smart interface works smoothly.,2024-10-08
SPK0355,5.0,Clear audio at high volumes. Sound quality is amazing.,2025-02-21
SP0721,4.5,Fast charging is great.,2024-11-22
TV1208,5.0,Smart interface works smoothly.,2024-11-20
LP0881,4.0,Build quality is excellent. Battery life is excellent. Great performance for the price.,2025-01-17
TV0073,5.0,Sound quality is excellent. Easy to set up. Picture quality is amazing.,2024-10-02
SPK1213,3.5,Great bass response.,2025-01-04
SP0411,4.0,Great build quality.,2024-09-13
LP0152,4.5,Build quality is excellent. Stays cool under heavy load. Keyboard feels premium.,2025-01-10
LP1861,4.5,Runs all my applications smoothly. Battery life is excellent.,2024-09-02
SPK0501,5.0,Battery life is excellent. Build quality is solid.,2025-02-14
SPK0912,3.5,Portable and lightweight. Perfect for parties.,2024-10-28
SP0898,5.0,Amazing value for money. Fast charging is great.,2024-09-18
LP0169,3.5,Battery life is excellent.,2025-01-01
LP1305,3.5,Perfect for work and gaming.,2024-10-14
TV0800,4.5,Smart interface works smoothly.,2024-12-03
SP0972,4.5,Great build quality. Fast charging is great. Amazing value for money.,2025-01-21
TV1255,4.5,Smart interface works smoothly.,2025-02-01
TV0003,3.5,Amazing value for money. Smart interface works smoothly.,2024-12-22
TV0797,5.0,Smart interface works smoothly. Sound quality is excellent.,2024-12-01
SPK0633,4.5,Great bass response.,2024-10-18
LP0345,3.0,Slow boot times.,2025-01-08
SP1451,3.5,Camera quality is outstanding. Amazing value for money.,2024-10-14
SP0547,5.0,Camera quality is outstanding.,2024-10-10
SPK1604,3.0,Bluetooth connection drops. Poor build quality. Bass is weak.,2024-11-11
SP1608,4.5,Great build quality.,2024-10-03
TV0137,3.5,Easy to set up. The colors are vibrant. Great smart features.,2025-02-20
TV1513,3.5,Easy to set up.,2024-10-02
TV1957,4.0,Perfect for my living room.,2024-10-11
SPK0205,3.5,Battery life is excellent.,2024-12-16
SP1554,4.0,Fast charging is great. Amazing value for money.,2024-11-11
SPK0501,5.0,Portable and lightweight. Sound quality is amazing.,2024-10-26
SP1913,3.5,Great build quality. Screen is beautiful. Battery lasts all day.,2024-12-18
LP0468,3.5,Battery life is excellent. Display is crystal clear. Stays cool under heavy load.,2025-01-17
SP1045,3.5,Screen is beautiful. Battery lasts all day. Amazing value for money.,2024-08-29
SPK0762,4.0,Clear audio at high volumes. Great bass response.,2024-11-25
TV0884,4.5,Amazing value for money. Perfect for my living room. Easy to set up.,2024-09-18
SPK1121,4.0,Build quality is solid. Portable and lightweight.,2025-02-22
LP0041,5.0,Great performance for the price. Battery life is excellent.,2024-10-02
SPK1052,4.0,Sound quality is amazing. Clear audio at high volumes.,2025-02-11
SP0098,3.0,Overheats while charging. Camera quality is poor. Keeps freezing randomly.,2024-10-31
TV0306,3.5,Perfect for my living room.,2024-10-13
TV0065,3.0,Smart features are laggy. Screen developed dead pixels. Started flickering after few months.,2024-11-11
SPK0059,4.0,Portable and lightweight. Build quality is solid.,2025-01-29
TV0679,4.5,Great smart features. Perfect for my living room. Easy to set up.,2024-10-30
SPK0916,3.5,Build quality is solid. Clear audio at high volumes.,2024-12-30
SPK0101,4.0,Battery life is excellent. Portable and lightweight.,2025-02-08
TV1487,4.0,Amazing value for money. Great smart features. Easy to set up.,2024-11-17
SP0520,4.0,Face recognition works perfectly.,2025-01-20
SPK0059,4.5,Great bass response. Clear audio at high volumes.,2024-12-01
SP1535,4.5,Screen is beautiful. Great build quality. Battery lasts all day.,2024-10-09
TV0185,4.0,The colors are vibrant.,2024-12-23
TV0177,3.5,Picture quality is amazing.,2024-11-26
SP1495,3.5,Screen is beautiful.,2024-12-02
SPK1457,4.0,Build quality is solid. Easy to pair with devices. Clear audio at high volumes.,2024-10-10
SP1543,5.0,Screen is beautiful. Great build quality. Performance is snappy.,2024-11-14
TV1157,4.5,Great smart features. The colors are vibrant. Perfect for my living room.,2024-10-23
TV0085,4.0,Picture quality is amazing. Sound quality is excellent. Perfect for my living room.,2024-12-05
SPK0641,4.5,Clear audio at high volumes.,2024-11-11
TV0784,3.5,Amazing value for money.,2024-10-19
SPK0350,4.0,Build quality is solid. Easy to pair with devices. Sound quality is amazing.,2024-08-27
SPK0980,4.5,Great bass response. Easy to pair with devices. Portable and lightweight.,2024-09-21
TV0466,4.0,Sound quality is excellent. Amazing value for money.,2025-02-09
LP0309,4.0,Battery life is excellent. Stays cool under heavy load. Keyboard feels premium.,2024-11-07
SP0248,4.5,Fast charging is great.,2024-08-26
SPK0015,4.5,Perfect for parties.,2024-12-09
TV1002,4.0,Great smart features. Sound quality is excellent.,2024-08-31
TV0935,4.5,Sound quality is excellent.,2025-01-18
SP1010,4.0,Face recognition works perfectly. Great build quality. Performance is snappy.,2024-09-21
SPK1158,4.0,Perfect for parties. Sound quality is amazing.,2024-12-04
LP0716,4.0,Great performance for the price.,2024-10-10
SPK1172,4.0,Clear audio at high volumes. Sound quality is amazing. Easy to pair with devices.,2025-02-09
SPK0485,4.5,Great bass response. Sound quality is amazing.,2025-02-13
LP1497,3.5,Great performance for the price.,2024-11-21
SPK0620,4.0,Portable and lightweight. Sound quality is amazing.,2025-01-23
SP0852,5.0,Camera quality is outstanding.,2024-12-04
LP1184,3.0,Too heavy to carry around. Fan is very noisy. Slow boot times.,2024-12-25
SPK0034,4.5,Sound quality is amazing.,2024-10-31
SP1849,5.0,Performance is snappy. Great build quality. Amazing value for money.,2024-10-24
LP0651,3.5,Battery life is excellent. Build quality is excellent. Display is crystal clear.,2025-02-03
TV0436,5.0,Perfect for my living room. Smart interface works smoothly.,2024-12-04
LP0070,4.0,Display is crystal clear. Runs all my applications smoothly. Battery life is excellent.,2025-01-18
SPK1976,4.5,Perfect for parties. Build quality is solid.,2024-10-01
LP0603,3.5,Battery life is excellent. Stays cool under heavy load. Runs all my applications smoothly.,2024-10-04
SP1823,3.5,Camera quality is outstanding. Face recognition works perfectly. Fast charging is great.,2024-08-26
LP1516,4.5,Keyboard feels premium.,2024-11-10
LP1734,3.0,Trackpad is unresponsive. Screen has backlight bleeding. Too heavy to carry around.,2025-01-22
TV0786,4.0,Perfect for my living room. The colors are vibrant.,2024-11-05
LP1206,3.5,Display is crystal clear.,2024-11-30
SPK0659,3.0,Bass is weak.,2024-12-13
TV1874,4.0,Perfect for my living room.,2025-01-21
TV1602,4.0,Easy to set up.,2024-11-07
TV0629,3.0,Smart features are laggy.,2025-01-09
TV0338,3.5,Easy to set up.,2024-10-02
SPK1585,5.0,Build quality is solid. Sound quality is amazing. Great bass response.,2024-12-30
LP1883,3.5,Great performance for the price. Build quality is excellent.,2025-01-16
SPK0111,3.5,Sound quality is amazing. Portable and lightweight.,2024-12-14
SP1027,5.0,Performance is snappy. Screen is beautiful.,2024-12-26
SP0763,4.5,Screen is beautiful.,2024-12-11
LP0064,4.0,Build quality is excellent. Battery life is excellent. Perfect for work and gaming.,2025-01-20
SP0736,3.5,Screen is beautiful. Face recognition works perfectly. Fast charging is great.,2024-10-24
TV1851,4.0,The colors are vibrant.,2024-09-23
LP0968,4.0,Perfect for work and gaming. Great performance for the price.,2024-11-24
SP1377,5.0,Amazing value for money. Screen is beautiful. Fast charging is great.,2024-11-07
TV1329,3.5,Amazing value for money.,2024-09-16
SPK1124,4.0,Battery life is excellent.,2025-01-25
TV0076,3.5,Easy to set up.,2024-12-16
TV0664,4.5,Sound quality is excellent. The colors are vibrant. Amazing value for money.,2024-12-23
LP1743,4.5,Battery life is excellent.,2024-12-10
LP0558,4.5,Keyboard feels premium. Runs all my applications smoothly.,2025-02-07
LP1925,3.0,Keyboard started malfunctioning. Runs hot under load.,2025-02-10
TV1682,4.0,Amazing value for money.,2024-08-27
TV1035,3.5,Picture quality is amazing.,2025-01-11
TV1549,4.0,Amazing value for money. Smart interface works smoothly.,2024-11-23
TV1063,4.5,Perfect for my living room. Great smart features.,2024-12-31
LP0112,4.5,Runs all my applications smoothly.,2024-11-06
SP0481,4.5,Amazing value for money.,2024-10-21
LP0594,4.5,Perfect for work and gaming. Display is crystal clear.,2025-01-24
LP0309,4.0,Stays cool under heavy load.,2024-10-18
SP1064,3.5,Camera quality is outstanding. Performance is snappy. Fast charging is great.,2024-11-12
TV0791,4.0,Smart interface works smoothly. Perfect for my living room.,2025-02-16
LP1397,4.0,Stays cool under heavy load.,2024-08-31
SPK1767,3.5,Battery life is excellent. Portable and lightweight. Easy to pair with devices.,2024-12-02
LP0496,4.5,Perfect for work and gaming.,2024-09-02
SPK0510,4.0,Portable and lightweight. Clear audio at high volumes. Perfect for parties.,2024-11-13
TV1521,4.0,Easy to set up. Amazing value for money.,2024-12-08
TV0692,4.5,Perfect for my living room.,2024-11-28
TV0648,4.5,Picture quality is amazing. Sound quality is excellent.,2024-11-01
TV0052,4.0,Sound quality is excellent. Smart interface works smoothly. The colors are vibrant.,2024-11-25
LP0008,3.5,Perfect for work and gaming. Build quality is excellent.,2024-09-22
SPK1124,5.0,Great bass response.,2024-10-08
SPK1904,4.0,Battery life is excellent. Portable and lightweight. Perfect for parties.,2024-10-06
SPK0163,4.0,Portable and lightweight. Build quality is solid.,2024-09-13
LP0091,4.0,Stays cool under heavy load. Perfect for work and gaming.,2024-12-22
LP0166,4.5,Build quality is excellent. Stays cool under heavy load. Great performance for the price.,2024-09-29
TV1159,4.5,Great smart features.,2024-12-07
SPK0510,3.5,Easy to pair with devices.,2024-11-19
TV0539,4.0,Smart interface works smoothly. Sound quality is excellent.,2024-11-28
SPK0512,4.0,Build quality is solid. Battery life is excellent. Portable and lightweight.,2025-01-12
TV1336,4.0,Sound quality is excellent. Picture quality is amazing. Great smart features.,2025-01-03
SPK0835,3.5,Portable and lightweight. Sound quality is amazing.,2025-01-28
SP1700,5.0,Amazing value for money.,2024-11-02
SPK1791,3.5,Perfect for parties.,2024-09-21
SP0942,3.5,Battery lasts all day. Performance is snappy.,2024-09-11
SP0149,3.5,Screen is beautiful. Camera quality is outstanding. Amazing value for money.,2024-12-13
LP0240,4.5,Stays cool under heavy load.,2024-10-25
TV1157,4.0,Sound quality is excellent.,2025-01-20
SPK1426,3.5,Portable and lightweight.,2024-12-17
TV1354,3.5,Easy to set up. Sound quality is excellent.,2025-02-03
TV0692,4.0,Smart interface works smoothly. Easy to set up.,2024-11-15
SP1859,4.0,Amazing value for money.,2024-11-23
SPK1530,4.0,Clear audio at high volumes.,2025-02-01
LP1989,5.0,Battery life is excellent. Build quality is excellent.,2024-11-13
LP1674,5.0,Runs all my applications smoothly.,2025-02-01
TV1202,3.5,Picture quality is amazing.,2024-11-08
SPK0701,4.5,Battery life is excellent. Clear audio at high volumes. Perfect for parties.,2024-12-11
SP0069,5.0,Amazing value for money. Performance is snappy.,2024-09-16
SP1234,4.5,Amazing value for money.,2024-10-27
SPK0163,3.5,Great bass response.,2024-10-04
SP1196,4.0,Great build quality. Screen is beautiful. Fast charging is great.,2024-09-24
LP2000,4.0,Battery life is excellent.,2024-10-17
SPK1353,4.0,Portable and lightweight.,2025-01-17
SPK0478,4.5,Perfect for parties. Build quality is solid.,2025-01-17
LP0802,3.5,Runs all my applications smoothly.,2024-10-19
SPK1141,3.5,Clear audio at high volumes. Great bass response.,2025-01-11
SPK1759,4.0,Perfect for parties. Portable and lightweight. Clear audio at high volumes.,2025-01-24
SPK1154,5.0,Easy to pair with devices. Great bass response. Perfect for parties.,2024-08-31
TV1346,5.0,Sound quality is excellent.,2024-10-26
LP0872,4.0,Great performance for the price.,2024-12-02
TV1369,4.5,The colors are vibrant. Sound quality is excellent.,2024-09-28
TV1621,4.5,The colors are vibrant.,2025-01-12
SPK1816,4.0,Build quality is solid. Clear audio at high volumes.,2024-11-16
SP0721,4.5,Performance is snappy. Screen is beautiful. Fast charging is great.,2024-09-06
SPK1177,4.5,Build quality is solid. Easy to pair with devices.,2024-12-31
SPK1527,3.0,Not loud enough. Bluetooth connection drops.,2025-01-25
SPK1484,4.0,Build quality is solid.,2024-10-31
SPK1055,4.0,Easy to pair with devices. Portable and lightweight.,2024-12-06
LP1763,3.5,Stays cool under heavy load. Build quality is excellent.,2024-12-28
SPK1706,4.0,Build quality is solid. Easy to pair with devices.,2024-11-29
SPK1789,5.0,Sound quality is amazing. Portable and lightweight.,2025-01-27
SPK1943,4.5,Easy to pair with devices. Clear audio at high volumes.,2025-01-19
SP0257,4.0,Performance is snappy. Battery lasts all day.,2024-11-20
LP1505,4.0,Build quality is excellent. Keyboard feels premium. Stays cool under heavy load.,2024-09-22
TV0784,2.5,Customer support is terrible. Screen developed dead pixels. Poor viewing angles.,2024-11-29
LP1272,4.0,Stays cool under heavy load. Keyboard feels premium.,2024-12-04
SP0523,4.5,Camera quality is outstanding. Performance is snappy.,2024-11-17
SP1613,5.0,Battery lasts all day. Screen is beautiful. Amazing value for money.,2024-09-02
LP0358,4.5,Runs all my applications smoothly. Perfect for work and gaming. Great performance for the price.,2024-10-22
TV1524,4.0,Amazing value for money. The colors are vibrant. Smart interface works smoothly.,2024-11-25
TV1088,3.0,Started flickering after few months. Remote control stopped working. Poor viewing angles.,2025-02-12
SPK1055,4.0,Easy to pair with devices. Build quality is solid.,2024-11-08
SP0477,4.5,Great build quality. Camera quality is outstanding. Fast charging is great.,2024-11-14
SP1613,4.5,Great build quality. Face recognition works perfectly.,2024-09-18
SP1022,3.5,Amazing value for money. Performance is snappy. Fast charging is great.,2024-11-14
TV1773,3.0,Poor viewing angles. Customer support is terrible.,2024-12-23
SP1302,4.0,Great build quality.,2024-09-11
LP0985,3.5,Build quality is excellent. Perfect for work and gaming. Runs all my applications smoothly.,2024-10-02
LP1319,4.0,Runs all my applications smoothly. Battery life is excellent.,2024-11-23
SP0517,3.5,Face recognition works perfectly. Great build quality.,2025-02-13
LP1182,4.5,Battery life is excellent. Keyboard feels premium.,2024-09-03
TV1525,4.0,Sound quality is excellent. Smart interface works smoothly. Perfect for my living room.,2025-01-23
LP0515,4.5,Battery life is excellent. Keyboard feels premium. Perfect for work and gaming.,2024-09-04
SPK1759,3.5,Build quality is solid.,2025-02-01
SPK0087,3.5,Sound quality is amazing. Great bass response. Portable and lightweight.,2024-12-06
LP1668,4.0,Build quality is excellent. Stays cool under heavy load. Runs all my applications smoothly.,2024-09-15
SPK0265,4.0,Battery life is excellent. Easy to pair with devices.,2024-12-22
LP1430,4.5,Build quality is excellent. Runs all my applications smoothly.,2024-12-31
SPK1379,2.5,Not loud enough.,2024-12-12
TV1098,4.5,The colors are vibrant.,2024-10-30
LP0119,3.0,Screen has backlight bleeding.,2025-01-16
TV0390,3.5,Sound quality is excellent. Great smart features. Perfect for my living room.,2024-12-01
SP1888,3.0,Overheats while charging.,2025-02-15
SPK1409,4.0,Sound quality is amazing.,2025-02-12
SP1402,4.5,Face recognition works perfectly. Camera quality is outstanding.,2024-09-16
SPK1990,4.5,Perfect for parties. Build quality is solid. Easy to pair with devices.,2025-02-22
LP1726,4.5,Stays cool under heavy load.,2024-10-06
LP1209,3.5,Perfect for work and gaming. Stays cool under heavy load. Great performance for the price.,2025-01-10
SPK0836,4.0,Build quality is solid.,2024-10-18
LP0008,4.5,Stays cool under heavy load. Perfect for work and gaming.,2025-01-09
LP1537,3.5,Stays cool under heavy load. Perfect for work and gaming.,2024-11-30
SPK1198,4.5,Sound quality is amazing.,2024-12-07
LP1441,4.0,Keyboard feels premium. Great performance for the price.,2025-02-11
LP0631,5.0,Keyboard feels premium.,2024-10-18
LP0140,4.0,Perfect for work and gaming. Stays cool under heavy load.,2024-09-24
TV0016,4.5,Perfect for my living room. Smart interface works smoothly. Great smart features.,2024-12-20
SPK1789,3.5,Perfect for parties. Clear audio at high volumes. Easy to pair with devices.,2024-10-25
SP0274,4.0,Camera quality is outstanding. Great build quality. Battery lasts all day.,2024-09-06
TV0573,4.0,Easy to set up. Amazing value for money.,2024-09-10
SP0122,4.0,Great build quality.,2024-10-15
SPK1832,4.0,Build quality is solid. Clear audio at high volumes.,2024-12-12
SP1114,3.5,Camera quality is outstanding. Battery lasts all day. Fast charging is great.,2025-01-06
SPK0842,4.5,Perfect for parties.,2025-02-05
TV1518,3.0,Sound quality is disappointing. Started flickering after few months. Smart features are laggy.,2024-08-26
SP1205,3.0,Overheats while charging.,2024-10-24
SPK0794,4.5,Sound quality is amazing. Perfect for parties. Easy to pair with devices.,2025-01-04
LP0733,3.0,Screen has backlight bleeding. Fan is very noisy.,2025-01-26
SPK1080,3.5,Battery life is excellent.,2024-09-06
LP1687,3.5,Stays cool under heavy load. Runs all my applications smoothly. Perfect for work and gaming.,2024-12-02
SPK0320,3.0,Not loud enough. Poor build quality. Battery dies quickly.,2025-02-01
SP0518,4.0,Screen is beautiful.,2024-10-01
SPK0102,4.0,Perfect for parties. Great bass response. Build quality is solid.,2025-01-06
SPK0856,4.5,Sound quality is amazing.,2024-12-13
TV0626,3.5,Sound quality is excellent.,2024-11-02
TV0910,4.0,Sound quality is excellent.,2025-02-08
TV0215,3.5,Smart interface works smoothly. Picture quality is amazing. Sound quality is excellent.,2024-12-19
SPK0531,4.5,Portable and lightweight. Battery life is excellent. Clear audio at high volumes.,2025-02-05
LP0474,5.0,Display is crystal clear. Runs all my applications smoothly. Keyboard feels premium.,2024-08-26
SP1963,4.0,Fast charging is great. Amazing value for money. Performance is snappy.,2025-01-19
TV0648,3.0,Started flickering after few months.,2024-09-03
SP0242,4.0,Fast charging is great.,2024-09-16
SP0735,3.0,Camera quality is poor. Poor signal reception.,2025-02-18
SPK0105,4.0,Perfect for parties. Build quality is solid.,2024-09-21
SPK0952,4.0,Clear audio at high volumes.,2024-12-30
SPK1732,4.0,Clear audio at high volumes. Sound quality is amazing. Perfect for parties.,2024-10-08
TV1838,4.0,Perfect for my living room. The colors are vibrant.,2024-11-20
LP0304,4.0,Build quality is excellent. Battery life is excellent. Runs all my applications smoothly.,2024-11-01
SPK0979,4.5,Great bass response. Build quality is solid.,2024-08-31
LP0047,4.0,Runs all my applications smoothly. Stays cool under heavy load.,2024-11-28
TV0123,4.5,Perfect for my living room.,2024-12-08
LP1667,4.0,Great performance for the price. Display is crystal clear.,2025-02-04
LP0708,4.5,Battery life is excellent. Keyboard feels premium. Stays cool under heavy load.,2024-10-02
SP0285,4.0,Performance is snappy. Amazing value for money.,2025-01-29
TV1327,4.5,The colors are vibrant.,2024-10-09
LP1209,4.0,Perfect for work and gaming. Battery life is excellent.,2025-01-30
SP1027,4.0,Great build quality.,2024-09-12
TV1336,4.0,Sound quality is excellent. Picture quality is amazing.,2024-11-01
TV1023,4.0,Perfect for my living room. Great smart features.,2024-11-22
SPK0908,4.0,Easy to pair with devices.,2024-10-14
